news_content,news_date,news_title,news_url
"강한빛 기자 onelight92@mt.co.kr    <저작권자 ⓒ '성공을 꿈꾸는 사람들의 경제 뉴스' 머니S, 무단전재 및 재배포 금지>",2021-04-30 08:42:00,"[STOCK] 롯데칠성, 수제맥주·탄산수 효과에 2분기도 ""캬~""… 목표가↑",https://news.naver.com/main/read.nhn?mode=LSD&mid=sec&sid1=101&oid=417&aid=0000688367
"(서울=뉴스1) 이주현 기자 = 주류업계 홍보물 경쟁이 진흙탕 싸움으로 번지고 있다. 이번엔 하이트진로가 오비맥주를 상대로 홍보물 무단철거와 훼손 등의 혐의로 경찰에 수사의뢰 하기로 했다. 앞서 무학과 오비맥주는 하이트진로 직원이 자사의 홍보물을 무단으로 훼손하고 법인 차량을 이용해 수거해 갔다며 경찰에 수사를 의뢰했다. 주류업계에서는 '터질 게 터졌다'는 반응이다. 과거에도 비슷한 사건이 발생했지만 업계 관행이라는 이유로 넘어가는 경우가 많았다. 하지만 코로나19 여파로 음식점 주류 판매량이 급감하면서 실적 부진이 길어지자 영업 현장의 갈등이 폭발했다는 지적이다. 일부에서는 지나친 경쟁사 흠집내기로 '상도의를 벗어났다'는 비판도 제기한다. 또한 건전한 주류거래질서 확립을 위해 업계에 만연한 불공정한 경쟁 관행을 뿌리 뽑아야 한다는 목소리도 높아지고 있다. 30일 업계에 따르면 주류 홍보물의 무단철거, 훼손 등을 놓고 오비맥주와 하이트진로간 신경전이 치열해지고 있다. 선공은 오비맥주로부터 시작됐다. 오비맥주는 홍보물 무단 수거와 관련된 의혹으로 경찰에 수사를 의뢰했다. 중간 수사 결과 홍보물을 무단 수거해 간 차량이 하이트진로 법인 차량으로 확인됐다며 고소·고발 등 법적 조치를 준비하고 있다.오비맥주 관계자는 ""비슷한 형태의 불법행위가 계속되면서 하이트진로가 회사 차원에서 조직적으로 경쟁사 영업방해 행위를 기획하고 있는 것이 아닌가 하는 의구심이 커지고 있다""며 ""경찰 수사를 통해 경위가 밝혀진 만큼 불필요한 행위들이 발본색원 됐으면 한다""고 말했다.오비맥주의 선공에 하이트진로는 하루만에 반격에 나섰다. 하이트진로는 경쟁사 오비맥주가 자사의 홍보물을 훼손하는 사례가 수차례 발생하고 있다고 주장했다. 하이트진로에 따르면 지난 28일 경기도 안양시 범계역에 위치한 업소에 설치돼 있던 자사의 LED 맥주 홍보물이 훼손당한 사건이 발생했다. 사건경위를 파악하기 위해 업주 동의를 받아 식당 건물 CCTV 확인 결과 경쟁사 오비맥주 담당 직원이 훼손한 것을 확인했다고 밝혔다. 지난 27일에도 서울 강남의 한 식당에 부착된 하이트진로의 맞춤형 홍보물을 오비맥주 직원이 훼손하는 장면도 확인됐다고 주장했다. 자사가 제작한 맞춤형 홍보물 훼손 사건은 이뿐만 아니라 전국에서 다발적으로 이뤄지고 있다는 것이 하이트진로의 입장이다. 하이트진로는 이날도 오비맥주 직원이 자사의 홍보물을 무단으로 훼손하고 '한맥'의 홍보물을 붙였다고 주장했다. 하이트진로가 공개한 영상에는 한맥 유니폼을 입은 한 남성이 하이트진로의 '진로' 포스터를 뜯어내고 한맥 홍보물을 붙이고 있다. 하이트진로는 이같은 다양한 증거들을 경찰에 제출, 수사를 의뢰한다는 입장이다. 홍보물을 훼손하고 이를 무단으로 철거하는 것도 사유재산을 동의없이 손괴하는 범죄행위라는 것이다.하이트진로 관계자는 ""회사차원에서 광고물 관리 및 영업 활동에 대한 관리, 교육을 지속적으로 진행하고 모든 영업사원들이 주의하고 있는 상황에서 이런 일이 발생해 안타깝게 생각한다""며 ""준법경영, 정도경영에 좀 더 세심한 관심과 노력을 다할 것이지만 이번에 확인된 경쟁사의 특정 사안에 대해서는 수사의뢰를 진행해 대응할 예정""이라고 말했다.오비맥주는 이러한 활동들은 정상적인 영업활동으로 문제될 것 없다는 입장이다. 특히 글로벌 회사인 만큼 내부 가이드라인을 통해 일체의 영업방해 행위를 못하도록 규정돼 있고 불법적인 행위는 없었다고 주장했다.하이트진로가 주장하는 홍보물의 교체는 업주 동의를 받은 뒤 이뤄진 것이며 이러한 절차를 어긴 적이 없다는 것이다. 오비맥주 관계자는 ""홍보물을 부착하는 것은 기본적인 영업행위로 하이트진로가 이를 영업방해라고 주장하는 것은 '넌센스'이자 '무고'에 해당한다""며 ""단 한건의 부정행위가 없었다고 자신하고 사법기관 수사를 통해 진위가 명백히 가려질 것""이라고 말했다.jhjh13@news1.kr© 뉴스1코리아(), 무단 전재 및 재배포 금지",2021-04-30 17:03:00,"[단독]하이트진로의 반격 ""오비맥주, 너희도 그랬잖아""…경찰에 수사의뢰",https://news.naver.com/main/read.nhn?mode=LSD&mid=sec&sid1=101&oid=421&aid=0005324466
"코로나 시대 ‘백신 관광’으로 유명세를 탄 아랍에미리트(UAE)의 두바이가 올해 10월 세계 최대 규모의 맥주 축제인 독일 옥토버페스트(Oktoberfest)를 재현한다고 독일 일간 빌트(Bild)가 29일(현지 시각) 보도했다.보도에 따르면 인공수로 도시로 잘 알려진 두바이 마리나에서 열리는 ‘두바이판 옥토버페스트'는 오는 10월 7일 정오에 시작해 내년 3월 31일까지 장장 6개월 간 진행된다고 독일 매체들이 보도했다. 올해 210주년을 맞이한 독일 바이에른주(州) 뮌헨의 원조 옥토버페스트가 보통 16일 간 열리는 것에 비하면 상당한 장기 프로젝트다.        주최 측은 이 행사를 위해 32개의 맥주텐트와 초대형 관람차를 설치할 것이라고 밝혔다. 특히 원조 옥토버페스트의 현장감을 살리기 위해 뮌헨에 있는 루트비히 1세 동상 복제품을 실물 크기로 선보일 예정이다. 옥토버페스트가 1810년 바이에른 왕국의 루트비히 황태자와 테레제 공주의 결혼식 당시 맥주와 음식을 나눠준 것을 계기로 연중 행사로 재탄생했기 때문이다. 뮌헨 테레지엔비제(Theresienwiese)에서 열린다는 점에서 현지에선 옥토버페스트보다 ‘비즌(Wiesn·비제의 바이에른식 사투리)’이라는 말을 사용한다.이번 행사에는 바이에른의 맥주 및 음식 업체들을 비롯해 620여개 사업체가 참여한다. 통상 민속 축제 때 세우는 60m짜리 대형 마이바움(Maibaum·5월의 나무기둥)과 ‘세상에서 가장 긴 맥주 바(bar)’도 등장할 예정이다. 독일 가수들과 유명 밴드 외 할리우드 스타 아놀드 슈워제네거와 파밀라 앤더슨, 스티븐 시걸 등도 출연이 확정됐다고 빌트는 전했다.        UAE는 주류 판매와 공공장소 내 음주를 엄격히 통제하고 있으나 이번 행사에서는 금지 규정이 적용되지 않을 것이라고 독일 주간지 슈피겔(Der Spiegel)은 보도했다. 다만 축제 참석자들 전원은 당국이 지정한 셔틀버스를 타고 호텔로 이송될 것이라고 전했다. 행사 담당자인 찰스 블루메는 슈피겔에 “UAE 문화를 존중하는 차원에서 참석자들이 술을 마신 채로 시내를 돌아다지 않도록 셔틀버스를 대기시킬 것”이라고 했다.이번 행사 소식은 독일에서 코로나19의 3차 대유행으로 제한 조치가 강화된 가운데 나왔다. 독일 공영 도이체벨레(DW)는 연방정부와 지방정부가 합의를 거쳐 방역 조치를 결정하는 과정에서 집행이 늦어지는 등 허점이 드러났고, 결국 재확산 국면에 직면했다고 지적했다. 연방정부는 관련 법률 개정안을 뒤늦게 통과시켜 지난 24일부터 인구 10만명당 확진자가 100명 이상인 지역에 한해 야간 통금을 실시하고 있다.        DW는 뮌헨 옥토버페스트가 아직 취소되지는 않았으나 정부가 코로나 3차 대유행과 불확실성을 통제하기 위해 고군분투하고 있다고 했다. 일단 오는 9월 18일부터 10월 3일까지로 예정돼있다. 이 축제에는 매년 600만명 이상의 사람들이 참석해 700만 리터 이상의 맥주를 소비한다. 앞서 독일 정부는 지난해 코로나19 대확산을 우려해 옥토버페스트를 전면 취소했었다.[이슬기 기자 wisdom@chosunbiz.com]			저작권자 ⓒ 조선비즈, 무단 전재 및 재배포 금지",2021-04-30 13:22:00,사막에 맥주가 흘러넘친다...‘두바이판 옥토버페스트’ 개최,https://news.naver.com/main/read.nhn?mode=LSD&mid=sec&sid1=104&oid=366&aid=0000710631
"인천지역 고유 브랜드 맥주인 ‘개항로 맥주’(사진)가 인기를 끌고 있다.  29일 인천시에 따르면 ‘개항로 라거’는 중구 개항로 상인들의 연합체 ‘개항로 프로젝트’에서 7개월간의 기획·연구를 거쳐 만들어졌다. 현지 노포들이 협업으로 경제적 이윤을 나누면서 지역에 활력을 불어넣자는 취지에서 시작됐다.  올해 1월 중구청 앞쪽에 위치한 인천맥주(생산공장)와 개항로 통닭에서 팝업 스토어 형식으로 시범 판매를 시작했다. 현재는 인근 개항로 통닭, 개항로 고깃집 등에 납품되고 있으며 편의점이나 택배로는 구입할 수 없다. 개항장·개항로의 가게나 공장을 직접 찾아야만 맛볼 수 있어 타지에서 일부러 방문하기도 한다.  인천시는 새로운 관광자원으로 개항로의 명성을 더욱 높였다고 판단해 맥주 개발·생산·마케팅 등에 참여한 관계자에게 이날 ‘관광진흥 유공 표창장’을 수여했다.  맥주 브랜드 글씨체 디자인은 전종원 전원공예사가 맡았고, 최명선 동화마을 벽화 미술가는 모델로 나섰다. 또 박지훈 인천맥주 대표가 제품 생산과 맛 책임을, 이창길 개항로 프로젝트 대표는 전국에 알리는 역할을 담당하고 있다.     인천=강승훈 기자 shkang@segye.comⓒ 세상을 보는 눈,",2021-04-30 03:06:00,인천 맥주 ‘개항로 라거’ 아시나요,https://news.naver.com/main/read.nhn?mode=LSD&mid=sec&sid1=102&oid=022&aid=0003576507
"[서울=뉴시스] 김동현 기자 = 성수기로 분류되는 여름 시장을 공략하기 위한 맥주업계의 주력 제품 광고모델이 확정됐다. 업체별 대표 제품에는 톱스타들이 총출동했다. 오비맥주는 윤여정과 이병헌을 앞세워 카스와 한맥을 적극 홍보한다는 계획이다. 하이트진로는 공유를 내세웠다. 명가의 부활을 꿈꾸는 롯데칠성음료는 올해 클라우드 7주년을 맞아 방탄소년단을 모델로 발탁, 승부수를 걸었다.  30일 주류업계에 따르면 지난해 주류 소비는 코로나19로 인해 가정 시장 점유율이 70% 수준으로 크게 올랐다. 유흥 시장과 가정 시장이 55% 대 45% 수준의 점유율에서 30% 대 70%로 역전됐다. 주류 업체들은 시장 상황을 고려해 가정용 시장 점유율 확대를 위한 행보를 본격화했다. 국내 주류업계의 여름철 성수기 시장 공략을 위한 전략은 스타 마케팅이다. 코로나19 여파로 오프라인 마케팅이 제한된다는 점을 고려했다. 오비맥주는 윤여정를 모델로 발탁했다. 카스 브랜드 가치와 일치하며, 젊은 세대에게 영감을 준다는 것이 모델 발탁의 이유다. 오비맥주는 10년간 국내 맥주시장 1위 자리를 지킨 국민 맥주 카스와 어울린다고 강조했다.TV 광고 '윤여정의 진짜가 되는 시간' 편도 공개했다. 윤여정과 인간관계 관련 인터뷰를 하는 형식으로 구성했다. ""진짜가 되자"" ""자신에게 솔직해지자""라는 메시지를 전달했다. 윤여정은 평소 깐깐하고 예민해 사람들과 관계 맺기가 어려웠다며 '나부터 투명하게 속마음을 싹 드러내면 상대방도 마음을 연다'고 조언했다. 윤여정이 최근 아카데미시상식에서 여우조연상을 받아 카스는 직간접적인 광고 효과를 크게 누리게 됐다. 한맥의 신제품 광고는 이병헌이 맡았다. 이병헌은 광고에서 독일, 미국 등 맥주로 유명한 국가들과 그들을 상징하는 라거 맥주를 차례로 소개하며 한맥을 K-라거로 소개한다. ""2021년 2월 대한민국 라거 다시 시작""이라는 문구를 통해 전 세계에서 가장 많이 소비되는 맥주의 한 종류인 라거의 맛에 대해 화두를 던졌다.하이트진로는 배우 공유를 앞세워 주력 제품인 테라를 홍보하고 있다. 테라는 출시 2년만에 하이트진로의 시장 점유율을 10% 가까이 끌어올리는 역할을 한 효자 제품이다. 맥주 시장에서의 점유율 상승을 위한 선봉장으로 발탁됐다.  TV광고도 새롭게 선보였다. TV 광고속에서 공유는 '이 맛이 청정라거다'라는 슬로건 아래 마시는 순간 느껴지는 리얼탄산 100%의 청량감을 소비자들에게 전달하고 있다롯데칠성음료는 그룹 '방탄소년단'을 '클라우드'와 '클라우드 생 드래프트' 모델로 발탁, 여름 성수기 시장을 공략한다. 클라우드(Kloud)는 Korea의 'K'와 풍부한 맥주 거품을 형상화한 구름의 영문 'Cloud'단어를 결합한 제품명으로 '구름맥주'로도 불리는 제품이다. 맥주 특유의 깊고 풍부한 맛을 구현했다는 평가다. 롯데칠성음료는 방탄소년단과 맥주시장에 활력을 불어넣고 클라우드 붐업에 나선다는 계획이다. 패키지 리뉴얼 단행하며 구름맥주의 제품 속성을 알린다는 구상이다. oj1001@newsis.com<ⓒ 공감언론 뉴시스통신사. 무단전재-재배포 금지>",2021-04-30 06:10:00,"""윤여정·이병헌vs공유vs방탄소년단""…맥주 CF모델 라인업 완성",https://news.naver.com/main/read.nhn?mode=LSD&mid=sec&sid1=101&oid=003&aid=0010475099
"영국이 오는 5월 6일 코로나 사태로 1년 미뤄둔 지방선거를 치른다. 최고 관심사는 수도 런던을 이끄는 시장에 누가 선출되느냐다. 이번 런던 시장 선거는 백인 남성이 주도해온 영국 정치에 대한 고정관념을 깨뜨리는 무대가 되고 있다는 점에서 특히 주목받고 있다. 노동당은 파키스탄계 무슬림을, 보수당은 자메이카계 흑인을 각각 후보로 내세워 전례 없는 대결 구도를 만들었다.노동당에서는 2016년 당선된 사디크 칸(51) 현 시장이 재선 도전에 나선다. 칸은 최초의 무슬림 런던 시장이다. 파키스탄에서 이민 온 부모 사이에서 8남매 중 다섯째로 태어난 칸은 ‘흙수저’ 신화를 쓴 인물이다. 아버지는 버스 운전사, 어머니는 재봉사였다. 그의 가족 10명은 방 3개짜리 공공주택에 살았다.변호사가 된 칸은 2005년 하원 의원에 당선돼 중앙 정치 무대에 등장했다. 고든 브라운 행정부 시절 지역사회부와 교통부에서 차관을 잇따라 지내며 경력을 키웠다. 칸은 2016년 런던 시장 선거에서 부유한 가정 출신으로 ‘금수저’ 이미지를 갖고 있던 보수당의 백인 후보 잭 골드스미스를 여유 있게 누르고 승리했다.										보리스 존슨 현 총리가 8년간 지켜온 런던 시장을 2016년 노동당에 빼앗긴 보수당은 파격적인 카드를 내밀어 칸에게 도전하기로 했다. 2018년 시장 후보를 뽑는 당내 경선에서 자메이카 이민 2세인 숀 베일리(50) 런던 시의회 의원를 선택했다. 기존 보수당 이미지를 완전히 불식시킨 새로운 후보를 내세워야 칸 시장에 대적할 수 있다는 주장이 먹혀들어간 결과였다. 베일리는 지난해 코로나 사태로 도쿄 올림픽이 열리지 못할 처지가 되자 런던이 대신 개최하자고 제안해 화제를 모았다.베일리는 조부모, 고모, 삼촌 등과 함께 공공임대주택에서 자랐다. 전형적인 ‘빈곤층 이민자 가정의 비행 청소년’이었다. 그는 BBC에 출연해 “어린 시절 친구들과 강도짓을 한 적이 있다”고 고백했다. 축구장 경비원, 공장 청소원, 맥주 배달원으로 일한 돈을 모아 남들보다 늦게 대학에 진학해 컴퓨터공학을 전공했다. 그는 자신처럼 불우한 어린 시절을 보내는 청소년을 돕겠다며 2006년 ‘마이제너레이션’이라는 자선단체를 설립했다.베일리가 이민자나 유색인종에 친화적이지 않은 보수당에 발을 들여놓은 건 2010년 총리에 취임한 데이비드 캐머런이 그를 청소년 범죄 담당 보좌관으로 임명한 것이 계기였다. 2010년 총선에서 보수당 후보로 런던의 신생 지역구에 출마했다가 노동당 후보에게 고배를 마신 베일리는 2016년 런던 시의회 의원이 됐다.선거가 일주일 앞으로 다가오면서 공방전도 뜨거워지고 있다. 베일리는 칸 시장이 재임하는 기간 런던에 범죄가 늘었고 고질적인 주택 문제가 심각해지고 있다고 공격한다. 경찰관을 8000명 추가 채용하고, 주택사업체와 입주민이 공동 소유하는 신개념 주택을 도입하겠다고 했다. 이에 맞서 칸도 새로운 공공주택 1만채를 공급하고 경찰관 6000명을 추가 채용할 수 있도록 예산을 확보하겠다고 밝혔다.이번 런던 시장 선거의 특징은 사실상 ‘백인 남성이 사라진 선거’라는 것이다. 보수·노동당에 이어 ‘제3의 정당' 자리를 놓고 경쟁 중인 녹색당과 자유민주당은 모두 백인 여성 후보를 내세웠다. 10여명의 군소 후보가 있지만 ‘빅4’ 가운데 백인 남성은 하나도 없다는 얘기다.이런 상황에 대한 백인 주류 사회의 반감도 적지 않다. 특히 베일리의 선거 캠프에는 유색 인종에 대한 증오가 담긴 편지가 자주 날아들고 있다. 보수당 후보가 흑인이라는 것을 받아들이지 못하는 이들이 적지 않다는 뜻이다.영국 언론들은 일단 칸 시장의 재선 성공 가능성이 좀 더 높다고 전망하고 있다. 원래 런던은 전통적으로 노동당이 강세를 보였고, 브렉시트(영국의 EU 탈퇴)의 충격으로 보수당에 대한 반감이 더 커졌다. 지명도에서도 베일리가 칸 시장에게 밀린다. 이달 13~19일 사이 민영방송 ITV가 실시한 여론조사에서 칸 시장은 41%의 지지율로 28%인 베일리를 오차범위 밖에서 앞섰다. 그러나 두 후보 간의 격차가 점점 줄어들고 있으며, 베일리의 지명도가 높아지고 있다고 영국 언론들이 보도하고 있다.[파리=손진석 특파원 aura@chosun.com]	 		▶ 		▶ 			▶",2021-04-30 03:05:00,"무슬림 對 흑인… 런던시장 선거, 백인남성이 사라졌다",https://news.naver.com/main/read.nhn?mode=LSD&mid=sec&sid1=104&oid=023&aid=0003611231
"[이데일리 김무연 기자] 비어케이는 칭따오와 배우 김갑수가 함께한 디지털 광고 캠페인 ‘죽이는 깔끔함’을 공개했다고 30일 밝혔다.이번 광고 캠페인은 어떤 음식과도 잘 어울리는 칭따오의 깔끔한 뒷맛을 강조하며, 재미와 유머를 겸비한 옴니버스 식 에피소드로 구성했다. 칭따오와 첫 인연을 맺은 배우 김갑수는 본인의 캐릭터 ‘인싸갑’ ‘단명갑수’ 느낌을 십분 살렸다.김갑수의 단명 유니버스와 어우러진 칭따오의 디지털 캠페인은 총 5편이다. ‘죽이는 깔끔함 편’, ‘매운맛엔 죽이는 깔끔함 편’, ‘느끼함엔 죽이는 깔끔함 편’, ‘광속으로 죽이는 깔끔함 편’ ‘미련없이 죽이는 깔끔함 편’ 등 각 에피소드에서 칭따오가 필요한 순간을 표현했다. 이번 캠페인에서 칭따오는 신선하고 깔끔한 목 넘김을 직관적으로 전달하기 위해 슬로건 ‘죽이는 깔끔함’ 캠페인을 진행한다. 맥주 안주로 가장 많이 선택하는 치킨, 매운 음식 등을 등장시켰다. 칭따오 맥주가 어떤 음식과도 궁합이 잘 맞는 맥주란 점을 앞세워 소비자를 공략한다는 전략이다.칭따오 관계자는 “어떤 음식을 먹더라도 그와 잘 어울리는 맥주를 선택하는 것이 중요하다”라며 “이번 캠페인을 통해 다시 한번 명품 연기를 선보인 배우 김갑수와 함께, 음식의 풍미를 돋우며 깔끔함을 선사하는 칭따오의 브랜드 가치를 소비자들에게 전달할 것”이라 말했다.김무연 (nosmoke@edaily.co.kr)",2021-04-30 08:17:00,"칭따오, 새 광고 캠페인 공개… 김갑수 발탁",https://news.naver.com/main/read.nhn?mode=LSD&mid=sec&sid1=101&oid=018&aid=0004916603
"(서울=뉴스1) 배지윤 기자 = 형지엘리트가 신세계그룹 야구단 'SSG랜더스'의 굿즈 신상품을 출시하며 스포츠상품화 사업에 속도를 낸다고 30일 밝혔다.SSG랜더스의 공식 상품화사업권자인 형지엘리트는 2021년 프로야구 시즌을 맞아 구단 유니폼·점퍼·모자 등 다양한 굿즈를 제작해 선보이고 있다. 새롭게 출시한 상품은 패션모자(6종)·그립톡(5종)·아크릴 키링 등으로 SSG랜더스 네이버 스마트스토어와 SSG닷컴을 포함한 온라인몰·인천 SSG랜더스필드 내 SSG랜더스 스토어에서 구입 가능하다.신상품 패션모자는 '엘 베이지 캡', '엘 퍼플 캡', '엘 민트 캡', '엘 핑크 캡', '인천 코듀로이 네이비 캡', '인천 코듀로이 카키 캡' 등 다양한 색상으로 구성돼 취향에 따라 선택할 수 있다. 또 추신수와 최정·최주환·최지훈·박종훈 등 소속 선수들의 역동적인 모습을 그려 넣은 '실루엣 그립톡'과 구단 로고 모양의 '아크릴 키링'도 함께 선보였다. 이 외에도 어센틱 유니폼 및 점퍼·퀼팅 유니폼·레플리카 모자·텀블러·응원 깃발·큐브 케이스 등 다양한 상품이 눈길을 사로잡는다.형지엘리트는 향후 제품군을 지속 확대한다는 계획이다. 이달 말 뱃지 출시를 앞두고 있으며, 다음달부터는 레플리카 유니폼(홈·원정·인천)과 구단로고볼·대형구·맥주컵·스티커·랜디 마스코트 인형·우비·여름 패션의류 등을 순차적으로 선보일 예정이다.형지엘리트 관계자는 ""새롭게 출발한 SSG랜더스에 많은 관심이 쏠리는 가운데 구단 유니폼 및 야구용품도 큰 호응을 얻고 있다""며 ""앞으로도 팬들의 니즈를 반영한 상품을 제작, 다양한 온·오프라인 채널을 통해 선보일 계획""이라고 말했다.jiyounbae@news1.kr© 뉴스1코리아(), 무단 전재 및 재배포 금지",2021-04-30 09:17:00,"형지엘리트, SSG랜더스 신상 굿즈 출시…""스포츠상품화 사업 속도""",https://news.naver.com/main/read.nhn?mode=LSD&mid=sec&sid1=101&oid=421&aid=0005322957
"한국 배우 최초로 오스카상을 탄 배우 윤여정을 두고 요즘 MZ(밀레니얼·Z)세대들이 하는 얘기다. 세계적인 상도 상이지만 특유의 입담, 연륜에서 묻어 나오는 여유, 그러면서도 권위를 벗은 태도에 열광한다. “최고 말고 최중(中)이 되자”“젊은 사람들이 센스가 있으니 그들의 얘기를 들어야 한다” 등 윤여정 어록이 도는 것은 물론, 윤여정의 매력에 스며든다는 의미의 ‘윤며들다’는 말도 나왔다.                          정겨운 존재에 머물렀던 어르신들이 젊은 층과 공감하는 세대로 인식되고 있다. 공감의 기반은 호감이다. 한참 윗세대인 그들을 트렌디하다고, 닮고 싶다고 생각한다. 할머니와 밀레니얼 세대를 합쳐, 할머니 감성을 선호하는 젊은 세대란 뜻의 ‘할매니얼’ 신조어도 나왔다.                       여기에는 유튜브 시니어 스타들의 공이 컸다. 메이크업부터 먹방, ASMR 영상까지 찍는 70대 할머니 박막례 씨의 유튜브 구독자는 130만 명을 넘어섰다. 남다른 패션 감각은 물론 인생 조언도 아끼지 않는 할머니 ‘밀라논나’ 장명숙 씨의 유튜브 구독자도 80만 명이 넘는다. 이들의 채널에는 유독 2030의 공감 댓글이 많다. 박막례 할머니 유튜브를 구독 중인 23세 대학생 B씨는 “나이나 관습에 얽매이지 않는 열정과 남을 의식하지 않는 솔직한 모습이 좋다”며 “저보다 배나 오래 사신 분인데도 젊은 세대를 이해하려는 태도가 인기 비결”이라고 했다.                                          ‘할매·할배’에 대한 호감도가 높아지면서 광고업계서도 이들을 반긴다. 윤여정은 20대들이 즐겨 찾는 쇼핑몰 ‘지그재그’의 모델로 등장해 “니들 마음대로 사세요”라고 일갈하고, OB맥주 광고에선 “자신에게 솔직해지자”는 메시지를 전한다. MZ세대들이 즐겨 찾는 햇반컵반의 모델로는 80세 나문희 씨가 등장해 추리게임을 펼치고, 2030 여배우들의 전유물이었던 화장품(리더스 코스메틱) 광고에서도 80세 강부자 씨가 나섰다. 시니어 세대의 완숙한 목소리는 때론 신뢰감으로 통한다. 29일 공개된 KT의 새 광고 ‘DIGICO KT’에선 윤여정 씨가 목소리로 출연, “내 데이터는 내 나라에 둬야지. 클라우드 원더풀이다 원더풀”이라고 말한다. 홍재승 제일기획 크리에이티브 디렉터는 “시니어 모델은 MZ 세대에게 낯선 재미를 주는 효과가 있다”며 “특히 윤여정씨 처럼 꼰대스럽지 않은 캐릭터를 가지고 있는 시니어 모델은 전 세대의 공감과 지지를 받을 수 있어 광고 모델로 인기가 높아지는 추세”라고 했다.                        2030 사이에서의 할머니 감성이 인기를 끌며 덩달아 ‘그래니 룩’도 떴다. 할머니(granny)에 차림새(look)을 더한 단어로, 말 그대로 할머니 패션이다. 주로 손뜨게 니트, 꽃무늬, 편안한 실루엣의 의상들로 따뜻한 분위기를 내는 할머니 패션을 즐긴다. 니트 조끼는 지난해 가수 아이유·블랙핑크 로제 등 셀럽들이 입으면서 대유행했다. 패션 업계선 그래니룩 유행을 단순한 복고 트렌드가 아닌, 느린 패션에서 편안함과 안도감을 찾으려는 움직임으로 보기도 한다. 느린 패션을 상징하는 그래니룩이 젊은 세대에게 ‘위로’라는 코드로 다가간다는 의미다.                          곽금주 서울대 심리학과 교수는 “MZ세대들이 바로 윗세대인 40·50세대에 대해 가진 반감에 대한 반작용으로 그 윗세대인 6070에 호감을 갖는 것”으로 해석한다. 20대들에겐 부모님이나 직장 상사로서 매일 마주하는 4050 기성세대가 “라떼는 말야”를 외치는 ‘꼰대’로 비칠 수 있지만, 직접 부딪히는 연령대가 아닌 노년층은 아예 관계성 밖으로 나가 있는 이상적 존재라는 얘기다. 연륜에 따른 자신감도 마음을 끄는 포인트다. 28세 회사원 C씨는 “예전엔 삶의 단계가 나이가 차면 결혼하고 아이를 낳는 식으로 정해져 있었지만 요즘 20대들은 가치관에 따라 워낙 다양한 삶을 살다 보니 오히려 더 막막해하는 것 같다”며 “이미 일가를 이룬 진짜 어른을 답안지 삼아 ‘워너비’로 닮고 싶어 하는 심리도 있다”고 말했다.                       이번 주 종영한 드라마 ‘나빌레라(tvN)’는 나이 일흔에 발레를 시작하는 덕출(박인환)의 이야기를 그렸다. 덕출은 “뭘 할 때 행복한지 아는 사람은 너밖에 없다”“요즘 젊은 애들에게 미안해서 해줄 말이 없다. 열심히 살면 된다고 가르쳤는데 이 세상이 안 그래” 등의 명대사로 청춘들에게 응원과 위로를 전달해 뜨거운 호응을 받았다. 멘토가 사라진 시대, 의지할 수 있는 진짜 어른을 찾고 싶어 하는 MZ세대들이 시니어들을 무대 위로 소환했다.             유지연 기자 yoo.jiyoen@joongang.co.kr  ▶ ▶ ▶ ⓒ중앙일보(https://joongang.co.kr), 무단 전재 및 재배포 금지",2021-04-30 05:00:00,"꼰대 4050보다 낫다, 7080 할매할배에 열광한 MZ세대 왜",https://news.naver.com/main/read.nhn?mode=LSD&mid=sec&sid1=101&oid=025&aid=0003098023
"코로나19로 인구가 늘어난 ‘홈술족’을 잡으려는 CU·GS25·세븐일레븐 편의점 3사의 경쟁이 뜨겁다. 맥주·와인·양주 등 각 회사마다 특색 있는 주류를 내세우며 소비자 마음잡기에 몰두하는 모습이다.BGF리테일이 운영하는 편의점 브랜드 CU는 맥주를 내세운다.우선 지난해 품절대란을 일으키며 ‘핫 아이템’으로 떠오른 곰표 밀맥주 대량 판매를 시작한다. 그간 곰표 밀맥주는 높은 수요에 비해 생산 시설의 한계로 공급이 원활하지 않았다. 타 주류 제조업체 시설을 이용하지 못하도록 막았던 규제 영향이 컸다. 그러나 지난해 기획재정부가 발표한 ‘주류 규제 개선방안’이 발표되면서 타 제조업체 시설을 이용한 위탁생산이 가능해졌다. 규제 완화 이후 CU 측은 롯데칠성과 협업해 ‘곰표 밀맥주’ 대량 생산에 돌입했다. 5월 한 달간 점포에 총 300만개의 물량을 공급할 예정이다. 2020년 한 해 동안 팔린 수량(150만개)의 2배에 이르는 규모다. 월 20만개에 그쳤던 공급량을 15배 이상 대폭 늘렸다.   수제맥주 라인업 강화에도 나선다. 수제맥주 시장이 대폭 성장하며 새로운 주류 트렌드로 떠올랐기 때문. CU의 국산 맥주 매출 중 수제맥주가 차지하는 비중은 2018년 1.9% 수준에서 지난해 11.9%로 6배 이상 증가했다. CU는 수제맥주를 즐기는 고객이 더 늘어날 것으로 보고 수제맥주 판매 규모를 확대하고 4캔 1만원 행사도 적극 전개할 계획이다.GS25는 와인을 앞세워 고객 모으기에 나선다. 지난 4월 21일 자사 주류 스마트오더 플랫폼 ‘와인25플러스’ 고객을 대상으로 한 ‘콜키지 프리’ 서비스를 선보였다. 콜키지 프리는 고객이 와인을 음식점에 들고 가면, 음식점에서 병마개·와인잔 등을 제공하는 서비스. 해당 서비스 도입을 위해 국내 외식 기업인 CJ푸드빌·오늘연구소·이랜드이츠 등과 손잡았다. 콜키지 프리 제휴 레스토랑은 ‘빕스’ ‘더플레이스’ ‘오늘 와인한잔’ ‘애슐리’ 등 전국 200여 매장이다.이용법은 간단하다. ‘와인25플러스’로 주문한 주류를 가까운 GS25에서 수령한 뒤 해당 음식점을 방문해 구매 내역을 인증하면 된다. 절차를 거친 후 콜키지 프리 서비스를 이용할 수 있다. GS리테일은 오는 6월 말까지 1차 서비스를 운영한 뒤 고객 의견을 반영해 서비스 기간을 지속 확대해갈 방침이다. 세븐일레븐은 집에서 양주를 즐기는 ‘홈바’족을 겨냥한 제품을 내놓는다. 양주 매출이 큰 폭으로 증가한 만큼 해당 수요를 적극적으로 잡겠다는 목표다. 실제 세븐일레븐의 올해 1월부터 4월간 양주 매출 증가율은 109%에 달한다.특히 세븐일레븐 앱의 ‘주류 예약 주문 서비스’를 통해 그동안 편의점에서 만나기 어려웠던 고급 양주도 적극적으로 선보인다. 업계 단독으로 ‘맥캘란 1824 마스터스 시리즈’를 내놓으며 포문을 열었다. 16가지 다른 타입의 셰리오크통에 숙성시킨 ‘맥캘란 레어 캐스크(42만원)’부터 최상급 크리스탈을 사용해 만든 디켄터에 위스키 메이커가 선별한 최고의 원액만을 담은 ‘맥캘란 리플렉션(180만원)’ ‘맥캘란 넘버식스(764만원)’ ‘맥캘란 M 디켄터(900만원)’ 등 총 4종으로 라인업을 꾸렸다. 수도권 지역에 한해 오전 8시 이전에 예약 주문하면 오후 6시 이후 지정한 매장에서 수령하는 당일 배송 서비스도 제공한다. [반진욱 기자][ⓒ 매일경제 & mk.co.kr, 무단전재 및 재배포 금지]",2021-04-30 14:37:00,홈술족 잡아라~ 편의점 3사 3색 주류 경쟁,https://news.naver.com/main/read.nhn?mode=LSD&mid=sec&sid1=101&oid=024&aid=0000068541
"치킨 프랜차이즈 제너시스 비비큐가 배달의 민족에서 전 메뉴를 대상으로 최대 6000원 할인 프로모션(사진)을 진행한다고 30일 밝혔다. 이번 프로모션은 다음달 2일까지 진행되며 배달의 민족 앱에서 주문 시 BBQ의 모든 메뉴를 기본 4000원 할인된 가격으로 즐길 수 있다. 여기에 배민 페이로 결제하면 추가 할인이 적용돼 최대 6000원 할인된 가격으로 이용이 가능하다.이번 프로모션을 통해 BBQ의 스테디셀러는 물론 지난달 출시된 신메뉴 4종도 보다 부담없는 가격에 만나볼 수 있다. 특제깐풍소스에 향긋한 대파와 고추의 불맛을 가미해 고메풍의 고급스러운 맛을 선사하는 '황올한 깐풍치킨'과 '황올한 깐풍순살'은 맥주와의 찰떡궁합으로 출시 이후 꾸준한 인기를 끌고 있다. 체다치즈와 고다치즈를 혼합해 진한 풍미를 자랑하는 '체고바(체다고다바삭칸)'와 '체고치(체다고다치즐링)'는 어린이부터 'MZ세대'까지 치즈 매니아들의 입맛을 사로잡고 있다.BBQ 관계자는 ""따뜻한 봄을 맞아 배달·포장 서비스를 이용하는 고객들에게 보다 풍성한 할인 혜택을 제공하고자 이번 프로모션을 마련했다""고 전했다.황상욱 기자 eyes@busan.com",2021-04-30 24:29:00,"BBQ, 5월 2일까지 배달의 민족 최대 6000원 할인",https://news.naver.com/main/read.nhn?mode=LSD&mid=sec&sid1=101&oid=082&aid=0001087308
"[경향신문] 지난 주말 모 대형마트에서 부대찌개 밀키트 세트를 구매했습니다. 여느 때와 마찬가지로 카트에 넣기 전 습관처럼 뒷면을 뒤집어보았습니다. 저녁 메뉴로 부대찌개를 골랐으면서도 칼로리는 따지게 됩니다. 그런데 무언가 허전했습니다. ‘어라, 영양성분표가 없네?’영양성분표가 없으니 칼로리는 물론 탄수화물과 당류, 단백질, 지방, 나트륨 함량도 알 수 있을 리 없습니다. 그러고 보니 방금 전에 카트에 담았던 된장 패키지도 뒷면에 원산지표시만 있고 영양성분표가 없었습니다. 한편 이날 같이 카트에 집어 넣은 과일잼이나 레토르트 국 봉지 등엔 모두 영양성분이 적혀있습니다. 영양성분이 적히고 안적힌 것들이 서로 비슷한 물품들이다 보니 머릿 속에 더 혼란이 생기기 시작합니다.대체 칼로리 등 영양성분을 표기하는 기준은 무엇일까요? 이번 기회에 정확히 알아보기로 했습니다.‘영양성분표시’란 제품의 일정량에 함유된 영양소의 함량을 표시하는 것이죠. 우리나라에서는 1996년 보건복지부 고시로 가공식품의 영양표시가 처음 만들어졌고, 2006년 영양성분 표시대상 식품 확대 시행에 따라 특수용도식품, 과자류, 잼류, 면류, 레토르트식품, 음료류로 영양표시가 의무화되었습니다. 그리고 영양표시 대상 성분으로당류, 포화지방, 트랜스지방, 콜레스테롤 등이 추가되었는데요.가공식품의 영양성분 표시 기준은 ‘식품 등의 표시ㆍ광고에 관한 법률 시행규칙 별표 4’에서 정한 내용을 따릅니다. 해당 조항에 따라 영양성분을 필수로 표기해야 하는 상품은 다음과 같습니다. .▲레토르트 식품(조리 가공한 식품을 특수한 주머니에 넣어 밀봉한 후 고열로 가열 살균한 가공식품을 말하며, 축산물은 제외) ▲과자류 중 과자, 캔디류 및 빙과류 ▲빵류 및 만두류 ▲코코아 가공품류 및 초콜릿류 ▲잼류 ▲식용 유지류(동물성 유지류, 식용유지가공품 중 모조치즈, 식물성 크림, 기타식용유지가공품은 제외) ▲면류 ▲음료류(다류와 커피 중 볶은 커피, 인스턴트 커피는 제외) ▲특수용도식품 ▲어육가공품 중 어육소시지 ▲즉석섭취, 편의식품류 중 즉석섭취식품 및 즉석조리식품 ▲장류(한식 메주, 한식 된장, 청국장 및 한식 메주를 이용한 한식 간장 제외) ▲시리얼류 ▲유가공품 중 우유류, 가공유류, 발효유류, 분유류, 치즈류 ▲식육가공품 중 햄류, 소시지류 ▲건강기능식품 ▲영업자가 스스로 영양표시를 하는 식품 및 축산물한편 같은 시행규칙에 따라 영양성분 표기를 하지 않아도 되는 제품은 다음과 같습니다.▲‘식품위생법 시행령’ 제21조제2호에 따른 즉석판매제조ㆍ가공업 영업자가 제조ㆍ가공하는 식품 ▲‘축산물 위생관리법 시행령’ 제21조제8호에 따른 식육즉석판매가공업 영업자가 만들거나 다시 나누어 판매하는 식육가공품 ▲식품, 축산물 및 건강기능식품의 원료로 사용되어 그 자체로는 최종 소비자에게 제공되지 않는 식품, 축산물 및 건강기능식품  ▲포장 또는 용기의 주표시면 면적이 30㎠ 이하인 식품 및 축산물나열해놓고 보니 더욱 알쏭달쏭하고 복잡하네요. 어떤 식품들이 영양성분표시 대상이 되는지 식품의약품안전처 식품표시광고정책과 담당자에게 직접 물어봤습니다. 우선 해당 상품의 영양성분 측정이 가능·용이한지에 따라 영양성분표시 여부가 갈립니다. 해당 상품의 대략적인 평균치 계산이 되어야 일률적인 영양성분 표시가 가능할테니까 이는 어찌 보면 당연한 것입니다. 과자 한 봉에 들어있는 단백질이 언제는 3g이고 언제는 10g이라면 봉투에 적기 어렵겠죠.위의 표를 보면 레토르트 식품 중에서도 축산물은 제외된다고 적혀있는데 축산물 등의 경우 어떤 부위인지, 어떤 품질의 상품인지 등에 따라 영양성분 측정 오차가 크게 나타날 수 있습니다. 같은 이유로 볶은 커피 등도 영양성분 표기 대상에서 제외됩니다. 영양성분 표기를 하지 않아도 되는 제품 가운데 즉석판매제조 영업자가 제조·가공하는 식품 역시 마찬가지의 이유입니다. 즉석 조리를 할 경우 정형화된 레시피, 영양 성분을 산출하기 어렵기 때문이죠.또한 소비자에게 식품과 관련한 정보를 제공한다는 취지에 따라 중간 원료가 아닌 최종 소비재인 경우에만 영양성분 표기 대상이 됩니다. 이 때문에 영양성분 표기를 하지 않아도 되는 제품 목록 가운데 ‘식육즉석판매가공업 영업자가 만들거나 다시 나누어 판매하는 식육 가공품’ ‘식품, 축산물 등의 원료로 사용돼 그 자체로는 최종 소비자에게 제공되지 않는 식품, 축산물 등’이 포함되는 것이죠. 또한 ‘포장 또는 용기의 주표시면 면적이 30㎠ 이하’인 식품의 경우에도 표기 대상에서 제외되는데요. 이는 식품의 면적이 너무 좁을 경우 영양성분표를 붙일 수 없다는 ‘현실적인’ 이유에서라고 합니다. 같은 제품이라도 주표시면적 30㎠ 이하인 상품엔 영양성분표가 붙지 않지만, 대용량 상품엔 붙을 수 있습니다.그런데 현재의 영양성분 표기 대상 목록이 꼭 완성된 것이라고 할 순 없어요.최근 수년 사이에도 이어지는 규칙 개정 과정에서 다양한 식품들이 기존엔 영양성분표시 대상이 아니었다가 추가되고 있다고 합니다. 지난 3월14일부터 시리얼류, 코코아 가공품류 등이 새롭게 영양성분표시 대상이 되었습니다. 밤에 ‘맥주 한 잔’이 땡길 때 으레 찾기 마련인 편의점 냉장코너의 즉석섭취식품, 즉석조리식품류 등도 지난 3월부터 모두 영양성분표시 대상이 되었습니다. 이전에도 즉석섭취식품, 즉석조리식품 가운데 햄버거, 김밥, 샌드위치 등은 영양성분표시 대상이었는데 범위가 전체로 확대된 것이죠. 장류도 2016년 이전엔 표기 필수 대상이 아니었는데 매출액 상위 업체들 순으로 영양성분표기를 진행하고 있다고 합니다. 식약처는 오는 2022년부터 떡류, 당류가공품, 두부류, 묵류, 소스류, 김치류 등 기존에 영양성분 표기 필수 대상이 아니었던 제품군들을 대상으로도 단계적으로 영양성분표시를 의무화할 계획입니다.식약처 관계자는 “현재 해외에선 거의 모든 가공식품이 영양성분표기 필수 대상인데 국내에선 여전히 표기 대상에 포함되지 않는 제품군이 많다”며 “향후에도 소비자들의 알 권리를 위해 지속적으로 표기 대상 가공식품군을 넓혀가려는 노력을 하고 있다”고 말했습니다. 코로나19로 인해 집콕이 1년 이상 이어지면서 영양성분에 신경 쓰는 소비자들이 늘었습니다. 영양성분 표시 대상 확대를 위한 노력 또한 가공식품을 넘어 밀키트, 배달조리음식 등으로 넓어지고 있습니다.지난해 8월부터 12월 100개 미만의 가맹점을 운영 중인 외식 브랜드 5곳과 밀키트를 생산하는 2곳 업체는 식약처와 협업해 자사가 판매하는 상품군에 대해 공식홈페이지, 배달앱 등에 주요 메뉴 영양성분을 표기하는 시범 사업을 진행했습니다. 시범사업에 참여한 한 업체 관계자는 “유통 채널이 본사 공식 온라인 사이트 채널만 있는 것이 아니라서 정확하게 (영양성분 표기 이전과 이후의) 판매 선호도 변화 측정을 하긴 어렵지만 건강에 대한 소비자들의 관심이 늘고 있는 것은 사실”이라며 “향후 영양성분 표기 대상을 늘려갈지 여부에 대해 회사 차원에서 논의가 있을 것”이라고 했습니다.또한 식약처는 100개 이상 매장을 가진 햄버거·피자 등 프랜차이즈 업체에 영양성분과 알레르기 유발 원료를 표시토록 하고 있습니다. 해당 업소들은 제품의 열량, 단백질, 포화지방, 당류, 나트륨 등 영양성분 5종과 알레르기 유발 원료 22종을 배달앱 등에 표시해야 합니다. 오는 7월부터는 어린이 기호식품 조리·판매 업소 중 점포 수 50개 이상의 프랜차이즈 매장에도 이 같은 표시가 의무화될 예정입니다.지난 3월 한국소비자단체협의회가 최근 1년 이내 배달앱으로 배달 음식을 구입한 500명을 대상으로 진행한 배달음식 설문조사 결과 코로나19 이후 배달앱 주문 횟수가 크게 늘어난 것으로 밝혀졌습니다. 코로나 이전엔 배달앱 주문 회수가 주 1~2회 33%, 주 3~4회 9.4%였으나, 코로나 이후 배달앱 주문회수는 주 1~2회 41.4%, 주 3~4회 21.8%로 늘었습니다. 또한 배달앱으로 주문하는 음식 메뉴 1위는 치킨(47.2%), 2위 중국음식(17.4%) 등 기름기 많은 음식들이 상위를 차지했죠. 소비자들이 음식을 고르는 데 중요하게 고려한 항목은 후기, 평점, 가격 등의 순으로 나타났는데, 영양정보 표시는 5점 만점에 2점대에 불과했습니다. 한국소비자단체협의회 이정수 사무총장은 “배달앱에 표시돼 있는 정보도 가격, 평점, 후기는 잘 보이게 표시한 반면, 원산지·원재료·함량 등의 원재료 정보나 영양정보는 잘 보이지 않게 해놨다”고 지적하기도 했습니다.코로나19로 인해 영양 및 건강에 대한 국민들의 관심이 높아진 만큼 앞으로 일상에서 영양성분 표시를 조금 더 친숙하게, 자주 접하게 될 날이 오길 기대해봅니다.참고자료: -식품안전나라 사이트 식품표시정보 관련 법령, 가공식품 영양표시 항목-식품의 기준 및 규격 고시-식약처, <제외국 영양성분 표시제도 현황>(2014)김지원 기자 deepdeep@kyunghyang.com©경향신문(www.khan.co.kr), 무단전재 및 재배포 금지",2021-04-30 17:41:00,“밀키트엔 왜 칼로리 안 적혀 있지?”…알쏭달쏭한 영양성분표 기준 [먹거리‘왜’파일],https://news.naver.com/main/read.nhn?mode=LSD&mid=sec&sid1=102&oid=032&aid=0003072052
"대지의 생명을 가득 담고 있는 제철 식재료를 먹는다는 것은 자연의 기쁨을 온 몸으로 느끼는 것. 계절도 생명도 드러나지 않는 무감한 매일의 밥에서 벗어나 가끔은 혼자서도 계절의 맛을 느껴보자. 철마다 나는 제철 채소를 맛있게 즐기는 법을 익혀 자연스레 채소 소비는 늘리고 육류 소비는 줄여 지구에는 도움을, 나에게는 기쁨을 주는 식탁으로 나아간다. <기자말>[강윤희 기자]       망원동의 한 호프집. 동네 호프집이지만 치킨은 치킨집보다, 떡볶이는 분식집보다 맛있고 육전과 갓김치의 맛이 일품으로 유명한 곳이다.이 호프집에서는 봄이 되면 특별 메뉴가 나오는데 다름 아닌 '두릅 튀김'. 사장님의 손 맛으로 바삭바삭 튀겨낸 황금빛 두릅 튀김을 시원한 맥주와 먹고 있자면 봄이 온 것이 그렇게 즐거울 수 없다. 이제는 봄이 오면 '아 친구들과 두릅 튀김 먹으러 가야 하는데'라는 생각부터 들 정도다.어린 시절에는 두릅을 딱히 좋아하지도, 아니 아예 두릅이라는 것을 생각해 본 적도 없다. 사회에 나와 '봄에는 두릅이지'라는 말을 여기저기서 듣고, 호프집에서 친구들과 두릅 튀김을 먹다 보니 나도 모르는 새 '봄에는 두릅이지!'라고 외치는 어른이 된 것이다.우리가 먹는 두릅나물은 두릅나무의 새순 부위를 자른 것이다. 나무의 새순이라니, 어린이들의 눈에는 맛없어 보이는 것이 당연하다. 하지만 두릅을 먹는다는 것은 봄이 되어 자라난 나무의 새순을 먹는다는 것, 그야말로 봄을 통째로 꺾어 먹는 일이다.두릅은 목말채, 모두채라고도 부르며 한자로는 총목이라고 한다. ""총목은 꼭지에 가지가 많고 줄기에는 가시가 있다. 산사람들이 나무 꼭대기의 어린 순을 꺾어서 나물로 먹기도 한다""라고 기록한 옛 문헌도 있다.문헌에도 나와있듯 두릅은 손질을 하다 찔리는 일이 있을 정도로 가시가 많다. 그 가시 때문에 예로부터 동물이나 도둑을 쫓기 위한 울타리로 심기도 하고, 가시가 있는 나무는 악귀를 쫓는다고 믿어 대문 옆에 두릅나무와 오가피나무 등을 심기도 했다.이렇게 뾰족뾰족, 가시가 있는 나무의 새순을 어쩌다 따서 먹을 생각을 했는지, 언뜻 보기에는 도저히 먹을 수 없을 것 같은 가지를 잘라먹는다는 것이 현대 도시인에게는 참으로 신기한 감각이다.<조선무쌍신식요리제법>에는 ""생두릅을 물러지지 않게 잠깐 삶아 약게 감초 쓰듯 어슷하게 썰어 놓고 소금과 깨를 뿌리고 기름을 흥건하도록 쳐서 주무르면 풋나물 중에 극상등이요, 싫어하는 사람이 없다""라고 두릅을 소개했다. 우리 선조들 역시 두릅을 나물 중의 나물, 극상등으로 친 것이다.두릅은 나무 한 그루 당 채취할 수 있는 순이 아주 적기 때문에 더욱 귀하다. 특히 자연산 두릅은 채취량이 적기 때문에 가지를 잘라 하우스에서 재배하는 일이 흔하다. 재배하는 두릅이 많아지면서 자연산 두릅과 구별하려고 나무 두릅, 참두릅이라고도 부르는데 자연산은 길이가 보통 5~10cm, 하우스 재배 두릅은 10~15cm이다.자연산이 재배 두릅보다 더 작은 것은 특별한 이유는 아니고, 따 먹을 수 있을 정도가 되면 서로 따가려고 경쟁이 치열하다 보니 그렇게 크게 될 때까지 남아있지 않기 때문이라고 한다. 봄나물을 캐러 산에 들어가 눈에 불을 켜고 두릅 새 순을 찾는 사람들을 생각하면 조금 재밌기도 하다.자연산 두릅이 귀하다고 재배 두릅이 귀하지 않은 것은 아니다. 재배 두릅도 땅 면적 대비 수확량이 다른 나물들보다 적을 수밖에 없기 때문이다.어쨌거나 두릅의 쌉싸래한 향은 참 귀한 봄의 호사다. 두릅의 어린순은 부드러워 나물로 무쳐먹거나 데쳐 초고추장에 찍어 먹고 조금 더 자라 억세지면 가시는 긁어내고 데쳐서 절임으로 먹는다. 두릅은 날 것일 때보다 익혔을 때 특유의 쌉싸래한 향이 진해지는 것이 특징이다. 두릅을 데칠 때는 소금을 넣어야 푸른빛이 올라오는데 너무 데치면 식감이 죽어 별로지만 그렇다고 너무 짧게 데쳐도 푸른빛이 올라오지 못하고 탁한 색이 된다.옆나라 일본에서는 두릅을 주로 튀김으로 즐기고 중국 동북 지방에서도 두릅을 요리해 먹는다고 한다. 러시아 일대에서도 두릅이 자생하나 러시아 사람들은 두릅을 먹지 않는다고 하니 과연 한·중·일 사람들이 먹는 데에 유난스러운 부분이 있다는 생각이 든다. 그렇게 먹을 것에 유난인 선조 덕분에 봄의 맛과 향을 가득 담은 두릅 나무 새순의 맛을 알 수 있어 감사할 따름이다.오늘은 이 두릅으로 만든 된장을 주먹밥에 발라 구웠다. 혼자 먹기에 두릅 튀김은 튀기고 남은 기름 처리가 골치고, 그렇다고 데쳐 초고추장에 찍어 먹는 것은 너무 흔해 고민하다 만들어 본 방법이다.국내에서도 영화로 만든 일본 만화 <리틀 포레스트>에서는 주인공의 어머니가 집을 떠나기 전 머위 된장을 만들어 두고 나가는 장면이 나온다. 눈을 헤치고 나온 머위꽃을 따 삶은 뒤 된장과 미림, 간장, 설탕을 더해 달달 볶듯 조려 만든 이 된장이 어찌나 먹어보고 싶던지, 구하기 힘든 머위꽃 대신 쌉싸래한 향의 두릅을 사용해봐도 좋겠다 싶었다.머위꽃이 봄의 시작을 알린다면 두릅은 봄의 절정을 장식한다는 점에서 두릅으로 만든 된장이 더 의미 있게 다가온다. 귀한 두릅의 향이 근사하게 배어든 짭조름하면서도 달콤한 된장, 국으로 끓여 먹어도 밥에 비벼먹거나 쌈으로 먹어도 좋고 주먹밥과도 아주 잘 어우러진다. 혹시나 냉장고에 남은 두릅이 있다면, 거뭇거뭇 시들기  전에 두릅 된장으로 만들어 봄의 마지막을 조금 더 즐기면 좋겠다.         저작권자(c) 오마이뉴스(시민기자), 무단 전재 및 재배포 금지푸드 컨텐츠 크리에이터. 푸드 매거진 에디터로 근무하다 현재는 프리랜스 에디터, 식음 메뉴 및 브랜드 컨설팅, 작가 등 식문화 전반에 걸쳐 다방면에서 활동하고 있다. 언제나 계절을 맛있게 즐길 궁리로 머릿속이 가득차있으며 제철 로컬 식재료를 새로운 방식으로 요리하는 것에 관심이 많다. 고기보다는 채소와 곡물, 열매류를 즐긴다.",2021-04-30 24:44:00,두릅은 데쳐먹는다? 튀겨 먹고 구워 먹으면 끝내줍니다,https://news.naver.com/main/read.nhn?mode=LSD&mid=sec&sid1=103&oid=047&aid=0002311224
"[이데일리 김무연 기자] 하이트진로가 필(必)환경 시대에 맞춰 다양한 친환경 활동을 펼치고 있다. 글로벌 재활용 컨설팅 전문기업과 협약을 체결했을 뿐 아니라 맥주, 소주 제품에 대한 환경성적표인증을 획득하는 등 환경 보호를 위한 노력을 이어가고 있다.하이트진로는 지난달 글로벌 재활용 컨설팅 전문기업 테라사이클과 캔, 페트 등 용기의 체계적 재활용 및 분리배출 활성화를 위한 업무협약을 체결했다고 29일 밝혔다. 출시 2주년을 맞은 ‘테라’의 청정 콘셉트를 강조하고 브랜드 본질의 가치에 중점을 둔 소비자 경험을 제공하기 위해서 테라사이클과 손을 잡았단 설명이다.하이트진로는 지난달 31일 BGF리테일과도 업무협약을 맺고 지난 1일부터 CU 매장에서 캠페인 활동을 시작했다. 캠페인에 참여할 ‘비 그린 프렌드’(Be Green Friend)를 선발하고 병, 페트, 캔 등 제품 용기와 일회용품의 분리 배출과 수거 미션을 부여했다.이달 초에는 요기요와 재활용 및 분리배출 독려 프로그램 ‘청정 리사이클’ 캠페인을 시작했다. 지난 22일 지구의 날을 맞아 캠페인에 참여할 ‘테라 크루’ 시즌1(1000명)을 모집했으며 총 3개 시즌으로 나눠 오는 8월까지 캠페인을 지속할 예정이다.시즌별로 선발된 ‘테라 크루’는 플라스틱 배달 용기, 캔 등 재활용 가능한 제품 용기를 수거 및 분리 배출하는 미션을 부여받고 미션 수행 대항전을 진행한다. 수거된 재활용품은 업사이클링 굿즈로 제작해 참가자에게 다시 제공할 계획이다.하이트진로는 제품 제작 부문에서도 친환경 행보를 이어가고 있다. 하이트진로는 지난해 10월 테라와 ‘진로’ 등 총 7종의 제품에 대한 ‘환경성적표지’ 인증을 획득했다. 소비자들의 환경성을 고려한 제품 구매를 독려하고 기업들의 자발적 환경개선 활동 참여를 유도한다는 취지다. 2019년부터는 경기도가 주관하는 ‘숲 속 공장 조성사업’에 참여하고 있다. 경기도 내 사업장 120개사가 참여해 미세먼지 정화 효과가 큰 나무 약 3만 그루를 사업장 주변 유휴부지 등에 심고 관리하는 사업으로, 하이트진로는 2021년 12월까지 이천공장 주변에 미세먼지 정화에 우수한 수목을 식재해 미세먼지 줄이기, 공기정화 활동을 이어갈 계획이다.오성택 하이트진로 마케팅실 상무는 “하이트진로는 테라를 포함한 모든 제품의 생산부터 소비 전 과정에서 사회와 환경에 대한 책임 있는 모습을 보일 수 있도록 노력할 것”이라며 “테라 출시 2주년을 맞은 올해는 더 다채로운 브랜드 경험을 제공해 브랜드 선호도를 높여 국내 맥주 시장 1위 탈환의 원년으로 만들겠다”고 말했다.김무연 (nosmoke@edaily.co.kr)",2021-04-30 05:01:00,"하이트진로, 청정라거 ‘테라’ 앞세워 친환경 경영 박차",https://news.naver.com/main/read.nhn?mode=LSD&mid=sec&sid1=101&oid=018&aid=0004916509
"그래도 ‘무플’보다는 ‘악플’이 낫다고 해야 할까? 요사이 ‘건강 증진’이 부쩍 사람들 입에 자주 오르내린다. 물론 부정적 측면에서 말이다. 지난 3월 원고를 준비할 즈음에는 술에 건강증진부담금을 부과하는 문제로 시끄럽더니, 주류 옥외광고 금지 조치가 입법예고되면서 불만의 목소리가 터져 나왔다. “‘아이유·제니 간판 떼라고요?’… 고깃집 사장님들 뿔났다”라는 식의 보도가 이어졌다. 며칠 전에는 가당 음료에 건강증진부담금, 일명 ‘설탕세’를 부과하는 법안이 발의되면서 소란이 일었다. 인터넷 기사에 달린 댓글을 보니 부정적 의견이 다수였다. ‘가격 올린다고 소비가 줄어들겠느냐’ ‘그렇게 확보한 건강증진부담금이 국민 건강 보호에 제대로 쓰이겠느냐’ 같은 의심이 컸다. 국민 건강 증진은 핑계일 뿐, 세금을 더 많이 걷으려는 정부의 ‘꼼수’라는 지적이 빠짐없이 등장했다.좀 더 근본적인 문제를 제기하는 이들도 있었다. 왜 정부가 나서서 개인의 선택, 개인의 사생활까지 간섭하느냐는 지적이다. 건강에 해로운 것들은 알아서 조심하면 될 일이고, 나쁜 생활습관을 가진 이들은 스스로 책임지면 될 일이지, 국가가 나서서 일률적으로 규제하는 것은 바람직하지 않다는 주장이다. ‘나는 나를 파괴할 권리가 있다’는 프랑수아즈 사강의 유명한 진술도 있지 않은가. 인구집단 다수를 대상으로 하는 공중보건 정책들은 개인의 자유, 선택권 측면에서 종종 논란이 되곤 한다. 마스크 착용처럼 사회적 효용이 분명한 조치까지도 자유 침해를 이유로 거부하는 경우가 적지 않으니, 이보다 덜 분명한 조치들에 대해서 그런 반응이 나오는 것은 당연하다. 2012년 미국 〈뉴욕타임스〉에 게재되었던 전면광고는 이러한 관점을 상징적으로 보여준다. 이 광고는 건강 증진을 이유로 개인의 자유를 간섭하는 정부를 ‘유모국가(nanny state)’에 비유했다. 당시 뉴욕 시장 마이클 블룸버그는 비만 퇴치를 내세우며 식당과 카페테리아, 스포츠 경기장에서 대용량 사이즈의 가당 음료 판매를 금지하려 했다. 광고는 ‘유모 블룸버그’가 대용량 가당 음료를 금지하고 나면, 다음에는 피자 조각의 너비, 햄버거의 크기, 베이글에 바르는 크림치즈 양까지 규제할 것이라면서, 뉴욕 시민이 원하는 것은 시장이지 유모가 아니라고 조롱했다.어느 정도 수긍할 수 있는 비판이다. 하지만 자유와 선택에 대해 조금만 더 깊이 생각해보면 이게 그리 간단한 문제가 아니라는 점을 알 수 있다. 우리가 자유와 선택의 권리를 행사하려면 일단 선택지가 충분하고 선택할 수 있는 여건이 갖춰져야 하며 선택지에 대한 정보도 알려져 있어야 한다. 그런데 현실에서는 이 모든 것이 완벽하지 않다. 예컨대 술, 담배, 가당 음료가 건강에 좋지 않다는 것은 누구나 아는 상식 같지만, 구체적 내용으로 들어가면 그렇지 않다. 필자는 박사학위 소지자 두 명에게 “술이 유방암에도 안 좋아요?” “식도암이 담배랑 관계있어요?” 같은 질문을 받은 적이 있다. 몸에 안 좋을 것이라는 막연한 지식을 넘어서, 실제 건강에 어떤 영향을 미치는지 소비자들은 충분히 알기 어렵다. 이들 제품 광고의 물량 공세, 사람들의 마음을 사로잡는 매력적 콘텐츠에 비하면, 건강 정보 메시지는 양적·질적 측면에서 상대가 되지 않기 때문이다. 맥주·소주·콜라 광고를 3초만 생각해보자. 브랜드를 대표하는 연예인 얼굴, 배경 장면이 쉽게 떠오른다. 하지만 신선한 야채와 과일, 건강생활과 관련한 캠페인은 애써 생각해도 기억에 남는 이미지가 없다.또한 정보가 충분하고 지식수준이 높다 해도, 개인의 건강 관련 행동이 본인의 자유의지에 의해서만 작동하는 것은 아니다. 선택지의 범위와 수준은 사회규범과 문화, 사회경제적 조건에 구속되어 있다.2007년 발표되어 현재까지 6000회 가까이 인용된 니컬러스 크리스태키스 박사의 논문은 이른바 ‘비만의 전파’를 다루고 있다. 이 연구는 1948년 이후 70년 넘게 진행 중인 ‘프레이밍엄 심장 연구’에서 파생되었다. 장기간 반복적으로 조사를 수행해야 하는 지역사회 코호트 연구의 특성 때문에 조사원들은 연구 참여자들의 지인에 관한 연락처 정보를 수집했다. 참여자들은 배우자나 형제자매, 혹은 동네에서 친하게 지내는 이웃의 이름과 연락처를 알려주었다. 이 정보는 연구 주제와 무관한, 조사 수행의 편의를 위한 것이었지만 장기간에 걸쳐 연구 참여자들의 사회적 네트워크를 파악할 수 있는 소중한 자료가 되었다. 크리스태키스는 이 자료를 활용하여 32년 동안 꾸준히 상승한 비만율과 사회연결망의 연관성을 살펴보았다. 놀랍게도, 특정 기간 비만해진 친구를 가진 사람은 뒤이어 그 자신도 비만해질 확률이 57%나 높아진 것으로 나타났다. 서로를 친구로 지목한 경우, 그 증가 폭은 171%에 달했다. 형제자매들은 한 사람이 비만해지면 나머지 사람도 그렇게 될 가능성이 40% 높아졌다. 배우자의 경우에도 한쪽이 비만해지면 나머지 한 사람도 뚱뚱해질 가능성이 37% 늘어났다. 사회적 네트워크를 타고, 감염병이 전염되듯 비만도 전파된 것이다. 물리적 환경을 공유하는 배우자보다 친밀한 친구들 사이에 비만 전파가 더욱 뚜렷하다는 사실은 규범이나 생활습관, 사회심리적 요인의 중요성을 잘 보여준다. 사람들은 연결되어 있으며 그들의 건강 또한 그러하다. 좋은 행동도 나쁜 행동도 사회 네트워크를 통해 전파될 수 있다.개인 수준의 사회 네트워크뿐 아니라 사회적 ‘규범’도 중요하다. 필자가 대학을 다니던 1990년대에는 강의실에서 담배를 피우는 교수가 적잖이 있었다. 시외버스나 택시 기사가 승객들이 탄 차 안에서 담배를 피우는 일도 흔했다. 요즘이라면 스마트폰 카메라에 찍혀서 눈 깜짝할 사이 포털뉴스와 소셜미디어에서 유명인이 되고도 남을 상황이다. 현재 담배를 피우지 않는 청년이 30년 전, 50년 전의 한국 사회로 시간 여행을 떠난다면 그 역시 흡연자가 되어 현재로 돌아올 가능성이 크다. 사람은 그대로이지만 그를 둘러싼 규범과 문화, 규제가 다른 종류의 압력을 행사하고 다른 분위기를 만들어내기 때문이다. 인간은 사회적 동물이기에 ‘그때는 맞고 지금은 틀릴’ 수 있다.건강생활 습관에서 사회 네트워크, 사회규범만큼 중요한 것이 사회경제적 환경이다. 핀란드의 사례가 이를 잘 보여준다. 서구 사회가 경제적으로 풍요로워지면서 고열량 섭취에서 비롯된 심장병 유행이 심각한 보건 문제가 되었다. 핀란드는 심장병 사망률이 특히 높은 나라였다. 날씨가 추우니 고지방 식품을 많이 섭취할 것이고, 자연환경이 척박하여 신선한 야채와 과일을 쉽게 재배하거나 소비할 수 없었기 때문으로 보인다. 핀란드 정부는 1960~ 1970년대에 심장병 발생을 줄이기 위해 시민들의 혈중 콜레스테롤 농도와 혈압을 낮추는 것을 정책 목표로 정했다. 이를 위해서는 시민들의 식생활을 변화시켜야 했다. 버터를 식물성 기름으로, 고지방 유제품·육류를 저지방 유제품·육류로 대체하고 야채와 과일 섭취를 늘리는 것이 핵심이었다.어떻게 접근했을까? 당연히 보건교육과 캠페인을 진행했다. 특히 학교 중심의 보건교육을 통해 어린이와 청소년이 가정에 메시지를 전달할 수 있도록 했다. 그런데 교육을 통해서 올바른 보건 지식만 얻게 되면 사람들의 식습관이 저절로 바뀔까? 동네에 식물성 기름, 저지방 우유, 마블링이 적은 쇠고기, 신선한 야채·과일을 파는 곳이 없다면, 혹은 가격이 너무 비싸서 살 수 없다면 최신의 건강 지식이 무슨 소용일까? 경제적으로 풍족하고 시간과 마음의 여유가 있는 사람만이 비용과 수고를 마다하지 않고 건강한 식생활을 실천할 수 있었을 것이다.그래서 핀란드 정부는 한발 더 나아갔다. 국가 연구개발 사업을 통해 식물성 오일 생산 품종을 개발하고, 낙농업 보조금 정책을 변경하여 지방함량이 낮은 육류와 육가공품 생산을 촉진했다. 또한 핀란드의 척박한 환경에서도 잘 자라는 베리(berry) 품종들을 발굴하고 농가에 보급해 생산을 늘렸다. 이런 사회적 노력에 힘입어, 1970년에 그야말로 0%였던 식물성 기름 사용률은 2009년 50%로 늘어났고, 1인당 버터 소비량은 1965년 18㎏에서 약 3㎏으로 줄어들었다. 이 시기 핀란드인의 심장병 사망률은 80%나 감소했다. ‘건강한 선택’이 ‘쉬운 선택’이 될 수 있도록 만들어준 사회적 접근 덕택이다. 실제로 접근성을 개선하거나 제한하는 환경적 조치 없이 보건교육 또는 캠페인만을 통해 개인의 행동 변화를 유도하는 보건사업들은 효과가 없거나 사회경제적 불평등을 오히려 심화시키는 경우가 많다. 건강 정보를 접하거나 이해하는 능력, 건강행동을 실행에 옮길 수 있는 사회적·경제적 자원과 여건이 불평등하기 때문이다.우리 사회는 여전히 건강 유지에서 개인의 의지만을 중요하게 생각한다. 건강을 해치면 본인만 탓하는 경우가 많다. 그렇기에 담배나 술, 가당 음료 제품에 대한 사회적 규제를 못마땅하게 혹은 불필요하게 여긴다.건강에 해로운 상품을 판매하는 기업들은 이런 인식을 활용한다. 다만 직접 나서지는 않는다! 담뱃값·술값을 인상한다고 했을 때, 기업들이 직접 나서서 반대의견을 표명하는 것을 본 적이 있는가? 이번에 ‘설탕세’ 부과 논란이 일었을 때, 반대 성명을 발표한 탄산음료 제조사가 하나라도 있었던가? 화학물질관리법이나 중대재해처벌법이 발의되었을 때 기업들이 보인 적극적 반대 의사 표명과 비교하면 대조적이다.건강 유해 상품을 생산하는 기업들은 전면에 나서지 않는다. 대신 제3의 연구조직이나 전문가를 앞세워 사람들을 ‘헷갈리게’ 만든다. ‘현재의 역학연구에 이런저런 한계가 있으며 규제효과도 불분명하다’고 물타기를 한다. 예컨대 담배가 폐암과 관계없다고 주장하기보다 실내 대기오염이 폐암에 중요한 작용을 한다고 주장하며 주의를 다른 곳으로 돌리는 식이다. 또한 담배 광고는 새로운 흡연자를 창출하는 것이 아니라 기존 흡연자의 선호 브랜드를 바꾸는 역할을 할 뿐이므로 광고규제의 효과가 없다고 주장한다. 하지만 다국적 담배 기업이 진출하여 적극적으로 마케팅을 벌인 신흥시장에서 흡연율은 어김없이 상승했다. 특히 청소년과 여성에게서 말이다. 마찬가지로 주류 기업들도 광고가 기존 음주자들의 브랜드 선택에 영향을 미칠 뿐이라며 청소년 보호 명목의 광고규제는 효과가 없다고 주장한다. 그러나 미국의 한 연구에 따르면, 광고비 지출이 1인당 1달러 늘어날 때마다 청소년 음주가 3% 증가한다. 주류 산업은 알코올의 폐해를 줄이기 위해 올바른 정보 제공과 보건교육이 무엇보다 중요하다고 주장한다. 하지만 이는 알코올 소비 감소에 효과가 없다고 알려진 대표적 정책이다.또한 건강 유해 상품을 생산하는 기업들은 ‘자유와 선택’이라는 수사를 사용하여 소비자를 현혹한다. 글 앞머리에서 소개한 블룸버그 유모 광고를 게재하며 소비자의 자유를 옹호한 ‘한 시민단체’는 사실 진짜 시민단체가 아니라 미국 극우 보수주의 운동세력 티파티(Tea Party) 조직인 ‘소비자 자유 센터’였다. 이 단체는 담배 기업뿐 아니라 코카콜라나 웬디스 같은 식음료 업체들과도 관련이 있다. 주류 산업도 비슷하다. 연구조직과 풀뿌리 시민조직을 내세우면서 성인들의 자유로운 선택과 책임감을 강조한다.이렇게 건강과 건강행동을 개인의 자유·책임 문제로 다루면 그 원인을 개인 탓으로 돌리게 된다. 물론 개인의 의지가 중요하지 않다는 뜻은 아니다. 인간이 기업에 의해 조종되고 주변 사람들에 의해 좌지우지되는 허수아비 같은 존재는 아니지 않나.그러나 건강 증진의 본래 의미는 단순히 건강한 생활습관을 갖는 것이 아니라 ‘사람들로 하여금 스스로의 건강에 대한 통제력을 높이고 증진시키는 과정’이다. 그렇게 하기 위해서는 개인의 행태를 넘어 광범위한 사회적·환경적 중재가 필요하다. 건강증진정책은 기업의 공세, 지배적 소비문화, 사회경제적 환경의 조성을 둘러싼 정치 경제의 각축을 다루는 과감한 ‘정치’로 거듭나야 한다.김명희 (노동건강연대 집행위원장·예방의학  전문의) editor@sisain.co.kr",2021-04-30 11:37:00,비만 친구를 가진 사람이 비만일 확률은?,https://news.naver.com/main/read.nhn?mode=LSD&mid=sec&sid1=102&oid=308&aid=0000028693
"휘닉스 제주 섭지코지는 5월 가정의 달을 맞이해 다양한 이벤트와 패키지를 준비했다고 30일 밝혔다. 5일 어린이날 당일에는 모들 가든에서 버블파티가 열린다. 즐거움이 방울방울 피어나는 모들 가든에서 오후 2시부터 두시간 동안 비눗방울 체험과 요술풍선 놀이, 페이스페인팅 등을 즐길 수 있고, 럭키드로우 선물 추첨도 이뤄진다. 같은 날 조식뷔페를 이용하는 고객에게는 캐릭터 마카롱을 선물로 증정한다. 객실 체크인 시 어린이 고객에게는 창의력 쑥쑥 플레이 키트를 함께 제공한다.또 3일부터 5일까지 사흘 간 객실 체크인 고객에게는 무설탕 식품 브랜드인 '휘휘 초코'를 증정한다. 휘휘 초코’는 독일산 프리미엄 카카오를 사용하고 설탕과 색소는 모두 빼 안심하고 아이들이 먹을 수 있는 초코 파우더다.8일 어버이날에는 부모님을 위한 선물을 제공할 예정이다. 8일 당일 객실 체크인하는 모든 부모 고객에게 미니 카네이션을 드리는 행사를 진행한다. 휘닉스 제주 섭지코지의 시그니쳐 한식당 해랑에서 런치와 디너를 이용하는 부모 동반 가족 고객에게는 예쁜 카네이션 쿠키도 증정한다. 또 5일부터 8일까지 제주의 아름다운 석양을 감상하며 야외 BBQ를 즐길 수 있는 불턱BBQ를 이용하는 고객에게는 낭만적인 폴라로이드 인생샷을 남기는 특별한 이벤트도 준비돼 있다.5월부터 휘닉스 제주 섭지코지의 프라이빗 독채 별장인 힐리우스(사진)를 패키지로 만나볼 수 있게 됐다. 4인 패밀리 고객이라면 75평 힐리우스 객실 1박과 함께 조·중·석식이 모두 포함되며 모들 가든의 커피＆맥주가 무제한으로 제공된다. 패키지 특전으로 웰컴 과일 바구니와 미니바, 아고라 수영장, 유민미술관, 휘닉스 플레이라운지 입장이 모두 포함된다. 1박 기준 150만 원이다.2인 허니문으로 힐리우스를 이용할 수도 있다. 힐리우스 75평 객실 1박을 포함해 조식뷔페, 미슐랭가이드 김진래 셰프의 민트 레스토랑 와인 디너를 이용할 수 있다. 프라이빗 테라피 프로그램도 함께 즐길 수 있어 신혼부부가 함께 여유로운 여행을 즐기기에 적합하다. 허니문을 위해 특별히 준비한 샴페인＆치즈 플레이트와 미니바, 허니문 인생샷투어, 아고라 수영장 이용까지 특전으로 누릴 수 있다. 1박 기준 100만 원이며 자세한 내용은 휘닉스 홈페이지를 참고하면 된다.황상욱 기자 eyes@busan.com",2021-04-30 15:34:00,"휘닉스 제주 섭지코지, 가정의 달 맞이 특별 이벤트",https://news.naver.com/main/read.nhn?mode=LSD&mid=sec&sid1=101&oid=082&aid=0001087365
"메가엠지씨커피(이하 메가커피) 하형운 대표가 어린이 교통사고 예방과 안전한 교통환경 조성을 위한 ‘어린이 교통안전 릴레이 챌린지’에 동참했다. 피자마루 푸드죤 이영존 대표의 지목을 받아 챌린지에 동참한 하형운 대표는 ‘1단 멈춤! 2쪽 저쪽! 3초 동안! 4고 예방!’ 구호가 적힌 피켓을 들고 촬영한 사진과 함께 어린이 교통안전 문화 정착을 지원했다.어린이 교통안전 릴레이 챌린지는 참가자가 슬로건인 '1(일)단 멈춤, 2(이)쪽 저쪽, 3초 동안, 4(사)고 예방'을 SNS에 공유하고 다음 참가자를 지명하는 방식의 릴레이 캠페인이다. 지난해 12월 행정안전부가 어린이 보호구역에서의 교통사고를 예방하고 어린이 보호를 최우선으로 하는 운전 문화를 정착시킬 목적으로 시작했다. 메가커피 하형운 대표는 “어린이 교통사고 예방에 대한 국민 공감대 형성과 어린이 보호 최우선 문화 정착을 위해 이번 릴레이 챌린지에 참여했다”며 “메가커피 모든 임직원들에게도 캠페인을 전파해 성숙한 교통문화가 정착될 수 있도록 직원 모두 함께 최선을 다하겠다”고 말했다. 한편, 하형운 대표는 어린이 교통안전 릴레이 챌린지 다음 주자로 ’죠스떡볶이 나상균 대표’, ‘부엉이돈까스 유전균 대표’, ‘역전할머니맥주 소종근 대표’를 지목했다. 프랜차이즈 가맹 문의 및 창업 상담은 홈페이지 참조.강동완 기자 enterfn@mt.co.kr    <저작권자 ⓒ '성공을 꿈꾸는 사람들의 경제 뉴스' 머니S, 무단전재 및 재배포 금지>",2021-04-30 11:33:00,"메가엠지씨커피 하형운 대표, 어린이 교통안전 릴레이 챌린지 동참",https://news.naver.com/main/read.nhn?mode=LSD&mid=sec&sid1=101&oid=417&aid=0000688555
"[이데일리 김성훈 기자] 하나금융투자는 30일 롯데칠성(005300)에 대해 1분기 전망치에 걸맞은 실적을 기록한 가운데 유의미한 손익 개선뿐만 아니라 중장기 체력 증진도 개선될 것으로 전망했다. 투자의견 ‘매수’(Buy)와 목표주가 20만원을 각각 유지했다.롯데칠성의 1분기 연결 매출액은 전년동기 대비 6.2% 증가한 5388억원, 같은 기간 영업이익은 416.2% 늘어난 323억원을 기록하며 시장 기대치를 웃돌았다. 부문별로 음료 매출액은 코로나19 영향으로 전년 동기 대비 1.2% 감소했다. 영업 마진도 0.7%포인트 하락한 부분은 아쉽지만 신제품(사이다제로, 펩시 제로, 무라벨 생수 등) 매출 호조가 긍정적이었다는 평가다.반면 주류 매출액은 15.8% 증가했다. 손익도 전년 대비 흑자전환 했다. 2019년 3분기 시작한 일본 불매 여파에 코로나19 영향으로 주류 시황이 부진한 흐름이었지만 신제품 ‘클라우드 생’ 판매 호조와 ‘처음처럼’ 리뉴얼에 따른 소주 점유율 반등으로 매출이 큰 폭 증가했다. 이밖에 와인 매출도 라인업 정비를 통해 지난해보다 67.3% 증가한 것으로 파악된다.롯데칠성은 올해 연결 매출액이 전년 대비 5.9% 증가한 2조 2890억원, 영업이익은 80% 증가한 1750억원을 실적 가이던스로 제시했다. 2분기부터 원가부담이 가중될 것으로 예상되는 상황에서 그룹사 ZBB(매년 원점에서 예산 편성) 프로젝트에 기인한 비용 효율화, 탄산음료 판가 인상 효과, 맥주 적자 축소, 와인 수익성 개선에 유의미한 실적 개선을 전망했다. 특히 맥주는 4월부터 ‘곰표 밀맥주’ 및 ‘제주 에일’ OEM(주문자상표부착생산) 본격화와 기능성 음료 생산을 통해 가동률이 지난해 20%에서 올해 35%까지 상승할 것으로 예상되는 점이 고무적이다. 하반기 크래프트 맥주의 OEM 확대를 통해 중장기 맥주 가동률의 점진적 상승이 전망된다. 심은주 하나금융투자 연구원은 “2분기 실적도 시장 기대치를 상회할 것으로 전망하는 상황에서 연간 추정치도 상향될 가능성이 크다”며 “단기 유의미한 손익 개선뿐 아니라 중장기 체력 증진 기대감이 주가에 반영될 것으로 판단한다”고 말했다.김성훈 (sk4he@edaily.co.kr)",2021-04-30 08:13:00,"롯데칠성, 1분기 호실적에 중장기 모멘텀 부각-하나",https://news.naver.com/main/read.nhn?mode=LSD&mid=sec&sid1=101&oid=018&aid=0004916599
"뉴데이일일건강이 가정의 달을 맞이해 4월 30일부터 5월 14일까지 ‘가정의 달 기획전’을 진행한다고 밝혔다.뉴데이일일건강 공식 스토어팜에서 진행되는 이번 기획전은 감사와 사랑의 마음을 전할 수 있도록 특별한 혜택과 구성으로 준비했다. 먼저 물 단 한 방울 안 들어간 100% 유기농 석류즙은 3박스 구매 시 10포가 추가 증정하며, 7박스 구매 시 1박스를 추가 증정한다. 석류여신 석류저분자콜라겐젤리는 30팩부터 구매 가능하며 최대 60% 할인된 가격에 판매한다. NFC 타트체리원액도 준비했다. 1병 구매 시 1병이 추가 증정하며, 추가금액 결제 시 선물세트 포장도 가능하다.마지막으로 준비한 제품은 분말 선물세트이다. 분말세트는 분말 4통과 뉴데이일일건강 전용보틀, 선물상자로 구성되어 있어 선물용으로 안성맞춤이다. 맥주효모분말, 새싹보리분말, 타트체리분말 그리고 분말 혼합세트까지 총 4가지 구성으로 구입 가능하다.구매금액대별 사은품도 준비했다. 10만원 이상 구매 시 타트체리 원액 선물세트 1개를 증정하며, 20만원 이상 구매 시 유기농석류즙 1BOX를 증정한다. 추가로 첫 구매 시 배송비 무료쿠폰이 발급되며 재구매일 경우 5% 중복 할인쿠폰이 발급된다.뉴데이일일건강 김근화 대표는 “가정의 달에 맞춰 선물하기 좋은 구성으로 이번 기획전을 구성했다”며 “많은 분들이 뉴데이일일건강과 함께 감사와 사랑의 마음을 전하는 5월이 되기를 바란다”고 전했다.한경닷컴 뉴스룸 open@hankyung.com▶ ▶ ▶  ⓒ 한국경제 & , 무단전재 및 재배포 금지",2021-04-30 15:31:00,"뉴데이일일건강, 가정의 달 기획전 진행… 우리 가족 선물",https://news.naver.com/main/read.nhn?mode=LSD&mid=sec&sid1=101&oid=015&aid=0004539495
"PB(자체브랜드)상품이 편의점의 핵심 경쟁력으로 자리잡고 있다. PB상품은 과거 '가격'을 무기로 소비자를 공략해 왔다. 하지만 최근 들어서는 품질·트렌드에서 차별화 경쟁이 활발하다. 일부 상품은 수출길에 오르며 신성장동력으로 변신하기도 했다. 이에 업계에서는 PB상품 시장의 성장이 이어질 것이라는 예상이 나온다.과거 PB상품의 유일한 경쟁 포인트는 '가격'이었다. 대형 공급사에 비해 제조 역량이 부족해 품질을 높이기 어려웠다. 적극적으로 홍보하기에는 시장 규모가 작아 효율성이 낮았다. 하지만 SNS가 확산되자 상황이 변했다. 다양한 소비자 니즈가 나타나며 트렌드가 형성됐다. SNS를 활용하면 저비용으로 높은 홍보 효과도 볼 수 있게 됐다. 제조기술 발전으로 상품 품질도 개선됐다. PB상품이 편의점의 주요 경쟁력으로 급부상하게 된 이유다.CU의 지난해 PB상품 매출 비중은 전체의 약 20%였다. PB상품의 기본기인 '가성비'를 갖춘 다양한 상품을 출시하며 시장을 공략한 결과다. 올해도 성과는 이어지고 있다. 지난달 출시된 친환경 트렌드 맞춤형 상품 '헤이루 무라벨 생수'는 출시 이후 한 달 동안 매출이 전년 대비 78.2% 올랐다. 같은 기간 전체 생수 매출 신장률의 3배에 달하는 수치다. CU는 이달 들어서도 '테스형' 막걸리 등 트렌디한 PB상품을 지속적으로 선보이고 있다.GS25는 콜라보를 통해 시장을 공략하고 있다. 하이트진로, 대상 등과 손잡고 식품에서 굿즈를 아우르는 다양한 상품을 내놨다. GS25는 상품 기획부터 차별화에 중점을 둬 품질을 높여 왔다. 최근 출시된 '금성맥주'는 개발에만 1년이 걸렸다. 전문가·MD가 모여 15회 이상 시음하며 최적의 맛을 찾았다. 금성맥주는 출시 후 '카스', '테라'에 이어 맥주 매출 3위에 오르며 주력 상품이 됐다.세븐일레븐은 PB상품의 브랜딩에 주력하고 있다. 세븐일레븐은 PB상품 분야를 도시락·신선식품·HMR(간편식) 등으로 나눴다. 이어 각각 '한끼연구소', '세븐팜', '소반'이라는 별도 브랜드를 론칭했다. 상품 라인업도 2000여 종까지 늘렸다. 그 결과 세븐일레븐의 PB상품 매출 구성비는 지난해 기준 36.4%로 업계 최고 수준까지 성장했다.이마트24는 '노브랜드'를 PB상품으로 활용하다 '민생'과 '아임이' 2개 브랜드로 재편했다. 이들은 시장 초기 인지도를 높이는 데 어려움을 겪었다. 하지만 민생라면, 아임이 스낵 등이 히트를 치며 시장에 정착했다. 미니스톱은 PB 햄버거를 패스트푸드 브랜드화한 '수퍼바이츠'를 론칭했다. 수퍼바이츠는 신촌 1호점이 높은 인기를 얻자 고려대 앞에 2호점을 내며 본격적으로 확장에 들어갔다.업계에서는 PB상품의 효율성에 주목하고 있다. 차별화가 핵심 과제로 떠오른 편의점업계에서 PB상품 이상의 독자 경쟁력을 가진 상품이 드물어서다. 자체 제작 상품인 만큼 단순 판매 이상의 효과를 기대할 수 있다는 분석도 나온다. 향후 편의점업계가 PB상품의 경쟁력 높이기에 집중할 것이라는 전망이다.국내 편의점은 약 5만여 개로 추정된다. 점포가 늘며 수익성은 하락했다. 산업통상자원부에 따르면 지난 1~2월 편의점 점포당 매출은 각각 4610만 원, 4291만 원이었다. 각각 전년 대비 149만 원, 154만 원이 줄었다. 출점보다 각 점포의 수익성 개선이 편의점업계의 당면 과제가 됐다. PB상품은 이를 타개할 가장 효과적인 수단이다.차별화된 PB상품은 고객을 매장으로 불러모으는 촉매다. 찾아온 고객은 단순히 PB상품만을 구매하지 않는다. 담배, 생필품 등 필요한 상품의 연쇄 구매가 이어지는 경우가 많다. 자연스럽게 점포의 수익성 개선에 도움이 된다. 자체 제조 상품인 만큼 가격 경쟁력 확보에도 유리하다. 유통 마진, 마케팅 비용 등을 최소화할 수 있어서다.사업 효율화에도 PB상품의 활용도는 높다. 편의점은 다양한 상권에 많은 점포를 운영하는 사업이다. 매출 패턴을 하나로 분석하기 어렵다. 주택가에서는 식품이, 오피스 상권에서는 즉석식품 등이 잘 팔린다. 상권에 맞는 PB상품을 전면 배치한 특화 매장을 구성한다면 수익성을 끌어올릴 수 있다. 실제로 세븐일레븐은 최근 주택가 상권 점포 400곳을 신선식품 PB브랜드 세븐팜 특화 매장으로 리뉴얼했다. 세븐일레븐은 향후 PB상품 특화 매장을 1000개까지 확대할 계획이다.PB상품은 신사업 아이템으로도 주목받고 있다. CU는 몽골 점포에서 판매되는 상품의 30% 가량을 PB브랜드 '헤이루'로 채웠다. 이마트24는 지난해 민생라면‧민생휴지‧아임이 스낵 등 PB상품 50만 개를 미국‧홍콩 등지에 수출했다. GS25는 최근 PB상품만 따로 모은 패키지 상품을 론칭했다. 이 상품은 한국 상품 역직구 사이트 '대박'을 통해 해외에 판매된다. 상생‧대외협력 수단으로서의 가치도 크다. PB상품의 상당 수는 중소 협력사가 제조한다. 상품이 성공하면 상생 효과가 따라오는 구조다. GS25의 PB상품 '초코렛타'의 제조사 구어메이가 대표적인 사례다. 구어메이는 초코렛타가 인기를 끌며 올해 매출 100억 원을 넘어설 것으로 전망하고 있다. 지역 농가·소상공인과의 협업 등에서도 PB상품이 중요한 매개체로 자리잡고 있다.업계 관계자는 ""PB상품은 편의점이 상품 유통 전 과정을 컨트롤할 수 있다는 점에서 활용도가 높다""며 ""편의점의 영역을 단순 유통 이상으로 끌어올릴 수 있는 수단이기도 하다""고 밝혔다. 이어 ""스테디셀러나 수출길에 오르는 상품들이 계속 나타나고 있는 만큼 경쟁력 확보를 위한 투자를 마다할 이유가 없다. 앞으로도 시장 성장이 이어질 것""이라고 말했다.이현석 (tryon@bizwatch.co.kr)  ⓒ비즈니스워치의 소중한 저작물입니다. 무단전재와 재배포를 금합니다.",2021-04-30 16:15:00,"편의점, 'PB상품'에 꽂힌 이유",https://news.naver.com/main/read.nhn?mode=LSD&mid=sec&sid1=101&oid=648&aid=0000000786
"[아시아경제 송화정 기자] 대신증권은 30일 롯데칠성에 대해 올해 1분기 실적이 기대치를 상회한 데 이어 턴어라운드가 지속될 것으로 보고 목표주가를 기존 17만원에서 20만원으로 상향 조정했다. 투자의견은 '매수'를 유지했다.한유정 대신증권 연구원은 ""2021년, 2022년 이익 추정치를 상향 조정해 목표주가를 올렸다""고 설명했다. 대신증권은 롯데칠성의 올해 연간 연간 영업이익은 1480억원에서 1610억원으로, 내년 영업이익은 1660억원에서 1850억원으로 각각 상향 조정했다.롯데칠성은 올해 1분기 시장 기대치를 웃도는 실적을 기록했다. 1분기 연결 기준 매출액은 5388억원으로 전년 동기 대비 6% 증가했고 영업이익은 323억원으로 416% 급증했다. 영업이익은 시장전망치(컨센서스) 237억원을 상회했다. 한 연구원은 ""지난해 1~2월 코로나19 영향이 상대적으로 작았던 기저 부담에도 월매출 동향이 1월 전년 동기 대비 14% 감소, 2월 비슷한 수준, 3월 13% 증가하는 등 개선세를 보였다""면서 ""이에 따라 음료 매출액은 1% 감소, 영업이익은 11% 감소하며 선방했다""고 분석했다.올해 1분기 소주와 맥주 시장이 각각 전년 동기 대비 7%, 5% 감소한 것으로 추정되는 가운데 롯데칠성의 1분기 소주 매출액은 1% 감소한 556억원으로 점유율 14.3%를 기록했고 맥주 매출액은 클라우드생드래프트 판매 호조로 67% 증가한 206억원으로 점유율 3.6%를 기록했다. 이에 따라 주류 매출액은 16% 증가한 1603억원, 영업이익은 판매량 증가에 따른 고정비 감소 효과, 인력 효율화로 93억원을 기록하며 흑자 전환에 성공했다.실적 개선세가 이어질 것이란 전망이다. 한 연구원은 ""맥주 주문자상표부착생산(OEM) 생산이 2분기부터, 하이브리드 생산이 3분기부터 본격화될 것으로 예상돼 전년비 개선 추세는 지속될 것""이라며 ""음료 역시 취급상품수(SKU) 최적화, 올해 3~4월 출시된 헬스케어 제품 등의 매출 확대, 탄산음료 가격 인상 효과 반영으로 턴어라운드가 지속될 것으로 기대된다""고 말했다.송화정 기자 pancake@asiae.co.kr<ⓒ경제를 보는 눈, 세계를 보는 창 아시아경제 무단전재 배포금지>",2021-04-30 07:35:00,"[클릭 e종목]""롯데칠성, 턴어라운드 지속…목표가↑""",https://news.naver.com/main/read.nhn?mode=LSD&mid=sec&sid1=101&oid=277&aid=0004894805
"[아시아경제 김진선 기자] 식사는 일과 중 빼놓을 수 없는 중요한 시간이다. 하루에 두 끼, 혹은 세 끼, 좋아하는 음식으로 즐겁게 먹을 수도 있고, 급하게 채울 수도 있다. 어떻게 보내든, 식사 시간은 수면 못지않게 우리에게 소중하다. 하지만 먹는 당사자는 편하지 식재료를 준비하고 썰고 다듬는 등 요리하는 과정은 여간 어려운 일이 아니다. 뿐만 아니다. 멋대로 만들어 올린 탑마냥 위태로운 자태를 뽐내는 고스란히 쌓인 그릇과 접시는 어떤가. 식사를 마냥 즐겁게 할 수 없게 한다. 그래서 모스스토리 유수경 푸드디렉터는 모두가 즐거운 시간이 되는 식사를 위해 고민했다. 번거로울 수 있는 요리에 한 줌의 쉼표를 건넨 것이다. 요리할 때 중요한 과정이지만, 오랜 시간 공을 들여야 하는 육수를 간편하게 만나볼 수 있게 한 것. 유수경은 “한 끼라도 조금 더 편하게 조금 더 즐겁게 만들 수 있는 요리와 그 시간을 담는 콘텐츠를 만들고 싶어요”라고 바람을 전했다.“푸드디렉터 모스 유수경입니다. 모스는 ‘Mom of sol’ 의 약자로 ‘솔이 엄마’란 뜻이에요. 사실 저는 조금은 평범하지 않은 엄마였어요. 지금은 이렇게 일을 하고 있지만 말이죠. 20대 초반부터 알 수 없는 통증으로 힘들어했는데, 병원에서 검사해도 별 이상이 없다고 했는데 말이죠. 출산 후 통증이 더 심해졌고, 일상생활이 힘든 정도까지 이르렀어요. 그러다 ”“대부분 제가 먹고 싶은 음식을 촬영해요. 상품이 많아져 상품 촬영이 대부분이지만, 내일은 육수 촬영이라면 육수로 만든 음식 중 먹고 싶은 걸 생각해요. 김치말이 국수를 해야겠다 싶으면 전날 밤 미리 육수를 끓여 냉장실에 차갑게 넣어 놓고 잠들죠. 내일 맛있게 먹을 상상을 하면서요. 그러면 촬영은 자연스럽게 진행돼요. 음식을 준비하는 순간, 음식을 만드는 과정, 음식이 완성되고 난 후, 먹기 직전 등의 순간을 머릿속에 그린 뒤 메모하고 다음 날 일찍 서둘러 준비를 하죠. 촬영을 마치면 반드시 식사하고요. 단순히 촬영을 위해 기록하는 게시물보다 거의 90% 이상이 촬영 후 제가 먹고 테스트하다 보니 아무래도 더 맛있게 만들어야지 하는 마음을 가득 담게 돼요.”“육수요. “와플 팬 요리요. 작년부터 유행하기 시작한 크루와상 생지를 실온에 살짝 해동시켜 와플 팬에 눌러서 각종 과일이나 메이플 시럽 등을 올려서 드셔 보세요. 아니면, 해동된 크루아상 생지를 가위로 잘라 옥수수 콘을 넣고 겉에 설탕을 묻혀 구워줘 보세요. 잘게 자른 소시지와 양파를 넣고 눌러주셔도 맛있고요. 또 다른 방법도 있는데, 식빵 위에 실온에 살짝 둬 부드러워진 버터를 발라주세요. 식빵을 와플 팬 위에 올린 뒤 쪽파 2대 정도를 썰어 올려주세요. 슬라이스 햄이나 수제 햄을 올려 와플 팬으로 눌러서 드셔도 너무 맛있어요.”“바로 쪽파 버터인데요. 집에서 간단하게 브런치 많이 드시잖아요. 쪽파를 허브 대신 버터에 넣어 빵에 발라 드시거나, 고기, 빵 등을 구울 때도 활용해 보세요. 실온에 둔 무염 버터 약 150g에 쪽파 2~3대를 잘게 썰어 넣고 꽃소금 1작은 술과 후추 약간 섞어 준 뒤 깨끗하게 씻은 레몬 껍질을 제스트해 넣어 냉장실에서 굳혀 사용해 보세요. 빵에 발라 드시면 꽃 소금이 살짝 씹히면서 쪽파향과 레몬향이 아주 좋거든요. 브런치나 고기 요리 생선요리를 구울 때도 좋고요.”“식사를 준비하는 시간이 즐거워질 수 있는 간편하고 맛있는 요리요. 육수는 요리 시간을 단축해 주고, 냉장고에서 간단하게 꺼내 조리하면 되는 간편한 냉동식품 이지만 집에서 조리한 제품처럼 맛있게 만들고 싶었어요. 하나의 레시피를 저와 제 가족이 수없이 먹고 테스트한 뒤 만들어요. 그래서 다른 분들도 같이 좋아해 주시지 않나 싶어요(웃음).”“맥주요. 제가 독한 술은 잘 못 해서 그런지 맥주 한잔을 라임과 민트 또는 으깨준 딸기청과 함께 칵테일로 즐겨도 좋을 거 같아요.”“영감은 주로 쉼에서 얻어요. 온종일 전투적으로 움직이며 촬영하게 되면 몸살이 올 정도로 바쁘게 움직이거든요. 리프레쉬가 필요할 땐 하루 정도는 아무것도 하지 않고 드라이브를 다니며 자연을 촬영하거나, 침대 위에서 영화를 보기도 해요. 그러면서 아.. 내일은 또 뭐 먹지? 라는 생각을 하고요.”“모스스토리를 만난 분들의 마음이 전해질 때요. 가끔은 눈물이 왈칵 쏟아질 만큼 장문의 편지로 감동을 주시는 분들도 있어요. 짧지만 진심을 가득 담아 주시는 댓글이 지친 하루를 보상해주죠.”“체력이 안 되는 부분이 가장 어렵고 힘들어요. 2년 전 갑상선 항진증과 안병증이 와서 몸 관리에 더 신경을 쓰고 있어요. 전보다 체력도 많이 약해졌어요. 식사를 준비하는 시간 콘텐츠는 혼자 스타일링, 요리 촬영을 전부 혼자 하고 있다 보니 체력적으로 가장 힘이 드네요.”“떡볶이요. 국민음식 떡볶이는 저의 영원한 소울푸드입니다. 어릴 때 할머니가 만들어 주신 떡볶이를 잊을 수가 없어요. 학교 앞에서 먹던 그 맛도요. 저희 딸도 매일 먹을 수 있다고 할 만큼 좋아하는 소울푸드예요.”“음식과 요리는 저에게 선물 박스 언방식 같은 존재예요. 요리는 재료로 시작되잖아요. 어떤 음식으로 완성될지 그 과정은 설렘과 두근거림이 있어요. 사랑하는 가족 또는 지인, 혹은 제가 먹는다고 생각하며 만들다 보면 요리를 하는 시간은 콧노래가 나올 만큼 즐겁잖아요. 만든 요리를 남편과 아이 혹은 부모님, 지인이 맛봤을 때 어떠한 반응이 나올까? 생각해보면 식사를 준비하는 시간은 선물 박스 언방식과 같은 기쁨이 있어요.”“저는 누구나 식사를 준비하는 시간을 함께할 수 있고 누구나 식사를 준비하는 시간이 즐거웠으면 좋겠어요. 한 끼라도 조금 더 편하게 조금 더 즐겁게 만들 수 있는 요리와 그 시간을 담는 콘텐츠를 만들고 싶어요.”사진=모스스토리 제공 김진선 기자 carol@asiae.co.kr<ⓒ경제를 보는 눈, 세계를 보는 창 아시아경제 무단전재 배포금지>",2021-04-30 14:00:00,[크리에이터 인터뷰] 식사를 준비하는 시간...모스스토리,https://news.naver.com/main/read.nhn?mode=LSD&mid=sec&sid1=103&oid=277&aid=0004895233
"[최영남 기자(=전남)(cyn44550@gmail.com)]전라남도는 지역 유휴공간을 활용, 사회적경제 가치를 확산하기 위해 추진하는 행정안전부의 ‘2021년 지역 자산화 지원사업’에 순천, 신안의 2개 사회적경제 기업이 예비대상지로 선정됐다고 밝혔다.  이 사업은 지역 주민과 함께 지역 자산화를 추진하는 사회적경제 기업이 건물·토지 등 자산을 공동으로 매입·운영해 창출한 유무형의 가치를 지역사회에 환원하기 위한 것이다.  전국에 선정된 총 28개 사 중 전남에선 순천 농업회사법인 서당골(주)과 신안 임자만났네협동조합이 포함됐다. 이번 ‘농업회사법인 서당골(주)’은 순천 주암면 문성마을 21개 농가가 모여 설립한 마을기업이다. 휴 농 토지를 매입한 후 농촌·산림 체험, 임산물 재배 등을 통해 마을주민과 공동경영으로 이익을 공유하게 된다. 또한 ‘임자만났네 협동조합’은 신안 임자면의 사회적기업이다. 전남에서 살아보기 및 농촌 유학 사업, 카페 조성, 천일염 보관, 건조 및 포장 시설, 청년 공유형 사무실 조성 등을 통해 소멸 위기에 처한 지역공동체 역량을 강화한다. 이들 기업은 공간 매입, 리모델링 비, 초기 운영비 등에 필요한 자금을 최대 10억 원까지 지원받는다. 융자는 금리 2.95% 내외며 3년 거치 12년 분할상환 조건이다. 지자체가 1% 이상 이차보전을 지원한다. 한편 장정희 전남도 사회적경제과장은 “융자 상환조건이 15년으로 다른 융자지원사업보다 기업 부담이 적어 사업 영역을 확장하는 데 좋은 기회가 될 것”이라며 “예비대상지로 선정된 공간이 운영단계까지 차질 없이 진행되도록 적극 지원하겠다”고 말했다. 지난해 지역 자산화 지원사업에 선정된 목포시 ‘건맥 1897 협동조합’은 목포 구도심 건해산물 거리에 있는 빈 상가를 리모델링해 건어물과 맥주를 함께 즐길 수 있는 건맥펍과 게스트하우스를 운영하고 있다. 전국 지역 자산화 지원사업의 우수사례 중 하나로 꼽힌다.[최영남 기자(=전남)(cyn44550@gmail.com)] Copyrightsⓒ PRESSian.com 무단전재 및 재배포금지",2021-04-30 15:41:00,"전남도, 지역 자산화 사업에 전남 사회적기업 2곳 선정",https://news.naver.com/main/read.nhn?mode=LSD&mid=sec&sid1=102&oid=002&aid=0002186630
"(서울=뉴스1) 황덕현 기자 = 신세계그룹 새 마스코트로 떠오르고 있는 '제이릴라' 행보가 '힙'하다. 정용진 부회장의 SSG랜더스 첫 '직관'(현장관람) 당시 이름을 알린 데 이어 2030세대가 좋아할만한 장소와 사람을 찾아다니며 친밀도를 쌓고 있다.30일 신세계푸드 등에 따르면 제이릴라는 전날(29일) 서울 성동구 성수동의 복합문화공간 '피치스 도원'(Peaches D8NE)을 다녀갔다. 제이릴라는 인스타그램을 통해 4장의 사진을 공개하면서 '내 스타일 피치스 도원에 취향저격 당함, 왠지 자주 갈 것 같은 느낌적 느낌'이란 글도 함께 남겼다. 피치스가 적힌 한정판 재킷을 입은 모습도 함께 공개했다.피치스 도원은 창고(개러지) 기반 차량전시 및 공연, 문화행사 등 하는 자동차 문화 스타트업 '피치스그룹코리아'(피치스)가 운영 중이다. 이들은 나이키, 포르쉐, 코카콜라, 삼성전자 갤럭시 등과 협업하는가 하면, 아이유(이지은씨)나 힙합 뮤지션 나플라, 루피, 레디, 아이돌 이달의소녀, 크래비티 등 2030세대에서 높은 인기를 구가하는 셀러브리티와도 작업했다. 1000개씩만 생산하는 한정판 굿즈는 매번 품절이다.제이릴라의 말투와 사진 역시 피치스에 관심가질만한 2030세대에 가까워지기 위한 행보로 풀이된다. 제이릴라 캐릭터 및 인스타그램 운영을 맡고 있는 신세계푸드 측은 ""정식 컬래버레이션(협업)을 (피치스와)한 것은 아니다. '힙'한 문화, 공간이라 참여한 것""이라고 전했다.제이릴라는 앞서 방송인 노홍철과 만나는 장면도 공개한 바 있다. '이상한 지구인'이라고 표현했지만, 책과 베이커리를 결합한 '홍철책빵'으로 2030세대에 인기를 끈 노홍철과 함께하는 모습을 보이며 친근함을 쌓았다. 노홍철 역시 30만명 가량의 폴로어(팔로워)를 둔 자신 계정에 SSG랜더스 재킷을 선물받은 사진을 올리면서 호응했고, 1만6000여개 '좋아요'를 받았다.당초 '용진이형' 정용진 신세계그룹 부회장 닮은 꼴로 인기몰이를 한 제이릴라가 2030세대를 겨냥한 독자행보를 시작하면서 향후 캐릭터 사업 방향에도 관심이 쏠린다. 앞서 '제이릴라 마카롱'이 공개되며 제이릴라 베이커리 가시화가 언급된 바 있고, 공식 계정엔 스냅백이나 블루투스 헤드폰, 바이크 헬멧 등의 출시 가능성도 내비친 상태다.다만 신세계푸드 측은 ""아이디어 차원으로 올린 것이며, (제품출시는) 확정된 게 없다""는 신중한 입장이다. 특허청 특허정보에 따르면 제이릴라 상표권은 가구나 가죽제품, 방향·탈취제, 맥주, 문방구 소매업은 물론 패스트푸드업 등에 사용할 수 있게 설정돼 있다.ace@news1.kr© 뉴스1코리아(), 무단 전재 및 재배포 금지",2021-04-30 10:08:00,"제이릴라, '용진이형' 곁에서 더 힙한 곳으로 '쓱'",https://news.naver.com/main/read.nhn?mode=LSD&mid=sec&sid1=101&oid=421&aid=0005323143
"[아이뉴스24 오경선 기자] NH투자증권은 30일 롯데칠성에 대해 주류 부문의 신제품 판매 효과와 위탁생산(OEM), 음료 부문의 채널·제품 다각화, 가격 인상 효과로 실적 상승 흐름이 지속될 것으로 전망했다. 목표주가를 기존 17만5천원에서 18만5천원으로 상향했다. 투자의견 ‘매수’를 유지했다.NH투자증권 조미진 연구원은 “그동안 진행했던 강력한 구조조정과 다방면에서 경쟁력 제고를 위한 노력이 실적 개선으로 가시화되는 중”이라고 분석했다.이어 “음료부문은 높은 브랜드력과 제로 탄산 등의 출시를 통한 제품 포트폴리오 강화, 배달과 온라인으로의 채널 다각화 효과가 점진적으로 반영될 것”이라며 “원·부자재 부담 상승은 가격 인상으로 충분히 상쇄 가능하다”고 했다.조 연구원은 “주류 부문의 경우 2분기 이후 수제 맥주 OEM과 음료 하이브리드 생산이 본격화되며 올해 가동률이 10%포인트 이상 상승할 것”이라고 전망했다.그는 “하드셀처를 비롯한 패키지 익스텐션과 리뉴얼 제품 출시에 따른 매출액 상승도 기대된다. 이 과정에서 지출이 예상되나, 단순 비용이 아닌 투자 개념으로서 제품경쟁력 강화를 통한 중장기 성장 동력 확보가 가능할 전망”이라고 했다. [ⓒ 아이뉴스24 무단전재 및 재배포 금지]",2021-04-30 16:21:00,"롯데칠성, 실적 상승 흐름 지속될 것…목표가↑-NH투자",https://news.naver.com/main/read.nhn?mode=LSD&mid=sec&sid1=101&oid=031&aid=0000596294
"[머니투데이 피스탁 ] 30일 코스피시장(3147.86pt)은 개인은 매수 했으나 외국인과 기관의 매도에 지수는 소폭 하락하며 마감됐고 코스닥시장(983.45pt)도 개인은 매수했으나 외국인과 기관의 매도로 지수는 소폭 하락하며 장을 마쳤다.청구기업 카카오뱅크는 1.41% 내린 10만5000원의 호가로 조정을 보였으나 청구기업 크래프톤(286만원,+0.35%)은 소폭 상승했다.장외주요종목중 대기업계열주는 변동폭이 미미했고 기업공개(IPO)후보종목은 소폭 상승했으며 바이오 관련주는 하락한 종목이 더 많았다.현대엔지니어링은 1.89% 내린 130만원의 호가로 소폭 하락했으나 티맥스소프트는 1.01% 오른 3만100원의 호가로 사흘 연속 소폭 상승했다.SI업체 엘지씨엔에스(8만9000원,+0.56%)는 소폭 상승했으나 삼성계열주 시큐아이(1만1600원,-0.85%)는 소폭 하락했다.SK건설은 3.76% 오른 7만4500원의 호가로 5거래일 연속 상승했으나 포스코건설은 1.65% 내린 3만5800원의 호가로 소폭 하락했다.제약업체 한국코러스는 2.04% 오른 12만5000원의 호가로 이틀 연속 상승했으나 바이오시밀러 업체 에이프로젠은 1.82% 내린 2만7000원의 호가로 사흘만에 하락했다.엔지노믹스는 1.89% 오른 5만4000원의 호가로 상승세를 이어갔으나 비씨켐은 1.94% 내린 5만500원의 호가로 소폭 하락했다.필러업체 아크로스는 6.86% 오른 9만3500원의 호가로 5거래일 연속 상승했고 폴루스는 3.33% 오른 3100원의 호가로 금주는 상승세를 보였다.에스디바이오센서(13만원), 제주맥주(4800원), 바디프랜드(1만7500원), 싸이버로지텍(9250원), 한국증권금융(1만1850원), 현대오일뱅크(4만5500원), 에스바이오메딕스(8250원), 엔쓰리엔(4150원), 솔젠트(1만원) 등 장외종목은 주가변동없이 장을 마감했다.피스탁    <저작권자 ⓒ '돈이 보이는 리얼타임 뉴스' 머니투데이, 무단전재 및 재배포 금지>",2021-04-30 16:30:00,[장외주식] 아크로스 상승세,https://news.naver.com/main/read.nhn?mode=LSD&mid=sec&sid1=101&oid=008&aid=0004581125
"롯데칠성음료는 연결 기준 올해 1분기 영업이익이 323억원으로 지난해 동기보다 416.2% 증가한 것으로 잠정 집계됐다고 29일 공시했다.     매출은 5천388억원으로 6.2% 증가했다. 순이익은 164억원을 내며 흑자로 돌아섰다.     특히 신종코로나바이러스감염증(코로나19) 확산으로 비대면 판매가 증가하면서 온라인 직영몰 '칠성몰' 등 온라인 채널의 매출이 68.3% 뛰었다고 롯데칠성음료는 설명했다.     부문별로 보면 음료 부문 매출은 3천747억원으로 0.5% 증가했지만 영업이익은 7.4% 감소했다.     반면 주류 부문 매출은 1천856억원으로 34.1% 증가했으며 영업이익은 108억원으로 흑자 전화했다.     이는 맥주 신제품 '클라우드 생 드래프트'와 와인 제품 등의 판매 호조에 따른 것이다.     김현주 기자 hjk@segye.com    ⓒ 세상을 보는 눈,",2021-04-30 11:44:00,"'칠성몰'이 끌어주고, '클라우드 생 드래프트'가 밀어줬다",https://news.naver.com/main/read.nhn?mode=LSD&mid=sec&sid1=101&oid=022&aid=0003576703
"간혹 기발한 발명품이나 기획을 보고는, 도둑맞은 듯한 기분이 든 적이 있으신가. 아, 저거 내가 생각한 건데. 난 요리 쪽으로 그런 경험이 꽤 있다. 짬짜면, 이경규씨가 히트시켰던 하얀 치킨라면, 덜 익힌 돈가스 같은 것들. 아주 많다. 이 얘기를 친구에게 했더니 킥킥 웃으면서 이랬다. “네가 그 생각할 때 똑같은 생각을 하고 있던 사람이 만 명은 된다고 보면 틀림없다. 실천하는 놈이 이기는 거지.”풀이 죽었다. 음식 말고도 그런 게 참 많을 거다. 우주선도, 전기자동차도 누군가는 동시에 생각하던 거였다. 밀어붙이고 할 줄 아는 놈이 했을 뿐이다. 적어도 아이폰은 동시에 생각하는 사람이 있었던 것 같지 않지만. 하여간 지금 하고 싶은 게 있으면 해라. 스티브 잡스가 될 수도 있다. 내가 선점(?)했다고 생각한 음식 아이디어 중에 정말 아까운 게 있는데, 바로 고추참치다. 맵게 양념한 참치 통조림. 오랫동안 나는 참치살은 원래 하얀 줄 알았다. 통조림이 내가 봤던 참치의 전부였으니까. 동원참치라는 브랜드가 나오고, 학교 친구들 중에 동원이는 모두 별명이 참치가 됐다. 축구선수 지동원씨도 별명이 지참치… 아, 아닙니다. 통조림 참치의 전성기에는 어떤 애는 도시락 반찬으로 그걸 덜렁 캔째 들고 오기도 했다. 엄마가 바쁘시거나, 통이 큰 엄마셨을 거다. 학교 다닐 때 몰래 술을 마시곤 했는데, 독서실 연탄난로에다가 여러 가지 안주도 만들어 마셨다. 처음엔 쥐포를 굽다가 나중엔 간이 커져서 김치찌개도 끓였다. 친구 중에 요리 본능이 꿈틀거리는 소년이 많았던 거다. 그때쯤 참치 김치찌개도 등장했던 것 같다. 어떤 녀석이 집 냉장고에서 김치를 반 포기 훔쳐서 가져왔기 때문이었다. 편의점도, 마트도 없던 시절의 소년들은 아주 요리를 잘했다. 스스로 만들어 먹는 데 익숙했달까. 바쁠 때는(?) 그냥 참치를 뚜껑만 따서 난로에 얹으면 안주가 됐다. 지금 따져보면 그다지 추천한 일이 아니다. 통조림 코팅제가 열에 약하기 때문이다. 한국인은 매운맛으로 산다던가. 참치 자체에 고소하고 짭짤하게 간이 되어 있는데 뭔가 ‘2프로’ 빠진 맛이다. 바로 매운맛이 없었다. 고춧가루를 뿌리거나 고추장(그때 별표 고추장이라고 비닐봉지에 담아 파는 달콤한 비주류 고추장이 일품이었다)을 한 숟갈 넣어 자글자글 끓이면 소주 안주에 기가 막혔던 것이었다. 참치 요리는 점점 진화했다. 마늘을 다져 넣고 파를 뿌리거나, 후춧가루가 첨가되기도 했다. 맥코믹이 최고야, 이러면서 남대문 도깨비시장에서 사 온 미제상표의 후추를 넣기도 했다. 우리는 그런 올라운드 참치, 갖은 양념 참치를 스스로 제조해내던 소년이었다. 25도 소주에 참치 캔 두 개면 네 명의 먹고 마실 수 있던 시절이었다. 어느 날, 동네 슈퍼에서 ‘고추참치’라는 걸 발견하고는 얼마나 억울하던지. 거, 로열티 좀 내쇼. 고추참치는 당장 도시락 반찬 시장의 강자로 등장했다. 이거 하나를 들고 온 친구는 급우들의 습격을 받느라 힘들었다. 밥에 비비면 아주 꿀맛의 반찬이었다. 기름 넉넉히 들어 있지, ‘단짠’이지, 단백질이지, 더구나 그 조미의 비밀은 무엇인지 아주 입에 착착 감겼다. (뭔지 다 압니다!)외국 요리책에는 참치로 만드는 온갖 음식만을 다룬 것도 있다. 정확히 말하면 참치 통조림을 재료로 하는 책이다. 재미있는 건, 참치 통조림이 외국에서는 제법 귀하게 대접받는다. 적어도 유럽에서는 고급 참치 통조림이 있다. 전통 어업으로 잡아서 좋은 올리브유에다 재우고 병에 넣어 파는 건 명품점에서 취급하기도 한다. 참치라고 다 같은 참치가 아닌 셈이다. 흥미로운 건, 내 입에는 그게 그거라는 사실이다. 사실, 고급과 대중 참치는 종이 다르다. 우리가 먹는 건 잘 잡히고 양도 많은 가다랑어류가 많다. 병조림 고급 참치는 우리가 아는 진짜 참다랑어나 황새치가 많다. 헌데 그걸 익혀서 담아 놓으니 구분이 잘 안 간다. 혹시라도 그걸 드시고 싶으셔도 큰 의미가 없을 수 있다. 구하시자면, 인터넷에 팔더라. 물론 고급인데 캔에 든 것도 있다. 참치 김밥, 참치 김치찌개, 참치 샌드위치, 참치 샐러드, 참치라면…. 참치 요리가 제일 다채롭게 새끼를 친 나라는 단연 한국이다. 내가 추천하는 비장의 참치 통조림 안주는 두 가지다. 첫째, 참치 크로켓. 참치살을 체에 밭쳐 기름을 제거한다. 삶아 으깬 감자와 섞고, 다진 양파와 후추를 뿌린다. 간장으로 간을 한다. 밀가루, 계란, 빵가루(서양식 튀김의 정석. 돈가스 튀김과 같은 방식) 순서로 묻혀서 170도 기름에 색이 나오도록 튀기면 끝. 소스는 마요네즈에 레몬즙 섞어서! 맥주 열 병 보장. 둘째, 참치 번데기 콤보다. 참치와 번데기 모두 통조림으로 산다. 따서 작은 냄비에 국물까지 그대로 넣는다(기왕이면 찌그러진 양은냄비). 다진 양파와 마늘을 넉넉히 넣어 보글보글 가볍게 끓인다. 후추, 고춧가루를 뿌려 먹는다. 소주 열 병 보장. 그런데, 이것도 이미 누가 하고 있다고? 내가 처음인 줄 알았는데.[ⓒ한겨레신문 : 무단전재 및 재배포 금지]",2021-04-30 11:03:00,"[ESC] 술이 술술, 참치 통조림",https://news.naver.com/main/read.nhn?mode=LSD&mid=sec&sid1=103&oid=028&aid=0002542665
"‘직장인들은 왜 점심시간마다 집에서도 먹을 수 있는 백반집을 전전하는가’ 진지하게 고민했던 적도 있다. 나이 먹은 직장인이 되어서야 알게 되었다. 직접 끓인 국, 갓 지은 따뜻한 밥, 당연한 듯 깔리는 각종 나물 반찬에 ‘메인 반찬’ 한 가지 정도의 밥상을 받는다는 것은 결코 쉬운 일이 아니었다. 집에 밥이나 국이 떨어질 것이라고 생각해 본 적도 없었는데 엄마의 주방 업무 파업은 생각보다 더 빠르게 찾아왔다. “너희들 먹을 것은 각자 알아서 해 먹도록 하라”는 말에 반항조차 할 수 없었던 것은 그나마 남아 있는 일말의 양심 때문이었다. 매일 술이나 마시고 새벽이슬 맞으며 귀가하는 것이 일상인 군식구에게까지 밥상의 은총이 내려올 리 없었다. 김치찌개나 된장찌개, 생선구이 같은 음식은 어쨌든 엄마의 맛과 비슷하다고 우겨볼 수 있을 정도는 됐다. 기본으로 들어가는 김치가 아직까진 엄마 음식이니 아주 생경하게 다른 맛은 나지 않았다. 그런데 청국장만은 달랐다. 청국장을 얼마나 떠서 넣어야 하는지, 된장을 섞어야 하는지, 김치를 넣어야 하는지 감도 서지 않았다. 그렇게 좋아했던 음식이 아니라고 생각했는데 막상 눈앞에 없으니 허전한 음식이 청국장이었다. 인터넷 레시피도, 허름한 백반집에서 사 먹는 것도 뭔가 영 시원찮았다. 이런 나의 징징댐을 듣던 직장 동료가 이끈 곳이 양재 ‘토속 청국장’이었다. 이미 양재천 인근 직장인 사이에서는 점심 맛집으로 유명한 곳이다. 점심 메뉴는 청국장 정식 한 가지다. 인원수만 얘기하면 앉자마자 6~7종의 나물 찬이 깔리는, 전형적인 백반집이다. 청국장 먹기 좋은 한가로운 일요일 오후, 커다란 대접에 밥, 부추 무침, 콩나물과 열무김치를 넣고 신나게 비볐다. 팔팔 끓는 청국장도 한 국자 가득 부어 넣으니 ‘아 이 맛이구나’ 생각이 들었다. 소주도, 맥주도 아닌 막걸리였다. 함께 나온 보쌈 수육에 김치를 싸서 먹었다. 청국장, 고기, 김치, 나물에 술까지 나무랄 데 없는 조합이다. ‘한국인으로 태어나서 이런 맛을 보는구나’ 과장을 보태면 쓸데없는 ‘국뽕’까지 차올랐다. 떨어져 봐야 알게 되는 것이 있고, 헤어져 봐야 소중함을 느낀다. 그다지 좋아하지도 않았던, 냄새나는 찌개 정도로 생각했던 청국장을 사실은 좋아하고 있었다는 것을 깨닫는 데 30년 넘는 세월이 걸렸다. 엄마가 만들어 주는 정확한 그 맛은 물론 아니다. 하지만 주방 노동에서 엄마가 헤어나올 수 있다면야 그것만으로도 충분한 가치가 있다. [ⓒ한겨레신문 : 무단전재 및 재배포 금지]",2021-04-30 11:03:00,[ESC] 엄마의 노동이 느껴지는 그 맛,https://news.naver.com/main/read.nhn?mode=LSD&mid=sec&sid1=103&oid=028&aid=0002542666
"[헤럴드경제=함영훈 기자] 호텔가가 가정의달을 맞아 다양한 이색 이벤트를 준비하고 있다. 인디언텐트, 아이들을 위한 창의력 키트 박스, 핑크퐁 아기상어 또는 타요 캐릭터와 놀기 등으로 꾸몄다.JW 메리어트 호텔 서울의 ‘미피의 하루(Miffy’s day at JW)’ 패키지는 디럭스 객실에 ‘인디언 텐트와 매트’ 1세트를 설치해 아이만을 위한 공간으로 연출하고, 네델란드 작가 딕 브루너 원작의 캐릭터인 '미피(Miffy)'를 주인공으로 만들어진 인형, 그림 액자, 컬러링 북 등 선물을 제공한다.특별 패밀리 뷔페 메뉴로 ‘해산물 스튜’를 비롯해 ‘허브 로스트 램 랙’, ‘목화솜 탕수육’ 등이 제공되며, 5월 5일부터 9일까지는 ‘서양식 소꼬리찜’과 ‘장어 데리야끼’, ‘능이버섯 오골계 수프’를 추가로 선보인다. 아이들을 위한 ‘미니 버거’, ‘치킨’, ‘핫도그’, ‘짜장면’ 등의 특별 메뉴가 5월 5일, 8~9일에 한해 준비된다.플라자 호텔은 객실에서 게임을 하며 안전하게 즐길 수 있는 ‘조이플 패밀리데이’ 패키지를 준비했다. 패키지를 이용하면 프리미어 스위트 1박과 닌텐도 스위치(인기 타이틀 2종)를 대여해준다. 또한 찹스테이크, 토마토 시푸드 파스타, 후토마키, 맥주 2병, 주스 1잔이 포함된 인룸 다이닝 패밀리 세트와 더 라운지 브런치 세트를 20% 할인받을 수 있다.효도 상품으로 5월 한 달간 플라자 스위트 1박과 더벨 스파 트리트먼트, 달팡 인트랄 세트(세안제&토너), 클럽 라운지 이용 혜택, 스파클링 와인 한 병이 포함된 ‘로맨틱 스파’ 패키지를 만들었다.서울드래곤시티는 꼬마버스 타요 캐릭터와 컬래버레이션하여 호캉스 패키지를 선보이고 로비에 포토존을 설치하는 등 소중한 추억을 남길 프로모션 및 이벤트를 진행할 예정이다.노보텔 앰배서더 서울 용산은 어린이를 겨냥해 타요 캐릭터 침구, 타요 극장판 영상 송출, 타요 가랜드 등 타요를 주제로 꾸민 30개 테마룸 한정 ‘꼬마버스 호캉스 패키지’를 선보인다.글래드 호텔앤리조트의 ‘글래드 키즈’ 패키지는 아이들이 창의적으로 문제 해결 능력을 기를 수 있는 체험키트 ‘플립박스(Flip box)’를 주는 것을 포함한다. 오후 1시 레이트 체크아웃 서비스를 제공한다.글래드 여의도를 선택할 경우, 프리미엄 키즈 자동차 침대 브랜드 ‘띠띠’의 띠띠베드가 세팅된 코너 디럭스 객실을 이용할 수 있다.인터컨티넨탈 서울 코엑스는 글로벌 콘텐츠 기업 스마트스터디와 협업해, 어린이들에게 높은 인기를 누리고 있는 인기 캐릭터 ‘핑크퐁 아기상어’와 함께, 어린이날을 앞두고 도심 속 자연 놀이터를 테마로 한 ‘키즈 포레스트 패키지(Kids For-Rest Package)’를 5월부터 운영한다.호텔이 제작한 한정판 ‘핑크퐁 아기상어 키즈 포레스트 키트’ 선물, 캐릭터로 꾸민 다양한 호텔 어메니티들을 객실 안에서 모두 체험할 수 있다.abc@heraldcorp.com- Copyrights ⓒ 헤럴드경제 & heraldbiz.com, 무단 전재 및 재배포 금지 -",2021-04-30 16:45:00,"인디언텐트,아기상어,타요..호텔가 가정의달 프로그램",https://news.naver.com/main/read.nhn?mode=LSD&mid=sec&sid1=103&oid=016&aid=0001829570
